GEO_ID,NAME,S1901_C01_001E,S1901_C01_002E,S1901_C01_003E,S1901_C01_004E,S1901_C01_005E,S1901_C01_006E,S1901_C01_007E,S1901_C01_008E,S1901_C01_009E,S1901_C01_010E,S1901_C01_011E,S1901_C01_012E,S1901_C01_013E,S1901_C01_014E,S1901_C01_015E,S1901_C01_016E,S1901_C02_001E,S1901_C02_002E,S1901_C02_003E,S1901_C02_004E,S1901_C02_005E,S1901_C02_006E,S1901_C02_007E,S1901_C02_008E,S1901_C02_009E,S1901_C02_010E,S1901_C02_011E,S1901_C02_012E,S1901_C02_013E,S1901_C02_014E,S1901_C02_015E,S1901_C02_016E,S1901_C03_001E,S1901_C03_002E,S1901_C03_003E,S1901_C03_004E,S1901_C03_005E,S1901_C03_006E,S1901_C03_007E,S1901_C03_008E,S1901_C03_009E,S1901_C03_010E,S1901_C03_011E,S1901_C03_012E,S1901_C03_013E,S1901_C03_014E,S1901_C03_015E,S1901_C03_016E,S1901_C04_001E,S1901_C04_002E,S1901_C04_003E,S1901_C04_004E,S1901_C04_005E,S1901_C04_006E,S1901_C04_007E,S1901_C04_008E,S1901_C04_009E,S1901_C04_010E,S1901_C04_011E,S1901_C04_012E,S1901_C04_013E,S1901_C04_014E,S1901_C04_015E,S1901_C04_016E
id,Geographic Area Name,Households!!Estimate!!Total,"Households!!Estimate!!Less than $10,000","Households!!Estimate!!$10,000 to $14,999","Households!!Estimate!!$15,000 to $24,999","Households!!Estimate!!$25,000 to $34,999","Households!!Estimate!!$35,000 to $49,999","Households!!Estimate!!$50,000 to $74,999","Households!!Estimate!!$75,000 to $99,999","Households!!Estimate!!$100,000 to $149,999","Households!!Estimate!!$150,000 to $199,999","Households!!Estimate!!$200,000 or more",Households!!Estimate!!Median income (dollars),Households!!Estimate!!Mean income (dollars),Households!!Estimate!!PERCENT IMPUTED!!Household income in the past 12 months,Households!!Estimate!!PERCENT IMPUTED!!Family income in the past 12 months,Households!!Estimate!!PERCENT IMPUTED!!Nonfamily income in the past 12 months,Families!!Estimate!!Total,"Families!!Estimate!!Less than $10,000","Families!!Estimate!!$10,000 to $14,999","Families!!Estimate!!$15,000 to $24,999","Families!!Estimate!!$25,000 to $34,999","Families!!Estimate!!$35,000 to $49,999","Families!!Estimate!!$50,000 to $74,999","Families!!Estimate!!$75,000 to $99,999","Families!!Estimate!!$100,000 to $149,999","Families!!Estimate!!$150,000 to $199,999","Families!!Estimate!!$200,000 or more",Families!!Estimate!!Median income (dollars),Families!!Estimate!!Mean income (dollars),Families!!Estimate!!PERCENT IMPUTED!!Household income in the past 12 months,Families!!Estimate!!PERCENT IMPUTED!!Family income in the past 12 months,Families!!Estimate!!PERCENT IMPUTED!!Nonfamily income in the past 12 months,Married-couple families!!Estimate!!Total,"Married-couple families!!Estimate!!Less than $10,000","Married-couple families!!Estimate!!$10,000 to $14,999","Married-couple families!!Estimate!!$15,000 to $24,999","Married-couple families!!Estimate!!$25,000 to $34,999","Married-couple families!!Estimate!!$35,000 to $49,999","Married-couple families!!Estimate!!$50,000 to $74,999","Married-couple families!!Estimate!!$75,000 to $99,999","Married-couple families!!Estimate!!$100,000 to $149,999","Married-couple families!!Estimate!!$150,000 to $199,999","Married-couple families!!Estimate!!$200,000 or more",Married-couple families!!Estimate!!Median income (dollars),Married-couple families!!Estimate!!Mean income (dollars),Married-couple families!!Estimate!!PERCENT IMPUTED!!Household income in the past 12 months,Married-couple families!!Estimate!!PERCENT IMPUTED!!Family income in the past 12 months,Married-couple families!!Estimate!!PERCENT IMPUTED!!Nonfamily income in the past 12 months,Nonfamily households!!Estimate!!Total,"Nonfamily households!!Estimate!!Less than $10,000","Nonfamily households!!Estimate!!$10,000 to $14,999","Nonfamily households!!Estimate!!$15,000 to $24,999","Nonfamily households!!Estimate!!$25,000 to $34,999","Nonfamily households!!Estimate!!$35,000 to $49,999","Nonfamily households!!Estimate!!$50,000 to $74,999","Nonfamily households!!Estimate!!$75,000 to $99,999","Nonfamily households!!Estimate!!$100,000 to $149,999","Nonfamily households!!Estimate!!$150,000 to $199,999","Nonfamily households!!Estimate!!$200,000 or more",Nonfamily households!!Estimate!!Median income (dollars),Nonfamily households!!Estimate!!Mean income (dollars),Nonfamily households!!Estimate!!PERCENT IMPUTED!!Household income in the past 12 months,Nonfamily households!!Estimate!!PERCENT IMPUTED!!Family income in the past 12 months,Nonfamily households!!Estimate!!PERCENT IMPUTED!!Nonfamily income in the past 12 months
1400000US08031000102,"Census Tract 1.02, Denver County, Colorado",1534,4.8,2.9,6.5,11.2,7.6,19.9,14.4,20.1,4,8.5,70244,86999,22.8,(X),(X),750,0,1.1,2.5,7.1,4.8,12.9,20.5,29.9,5.6,15.6,102222,119184,(X),30,(X),581,0,1.4,3.3,5.5,2.9,13.6,15.3,31.7,7.2,19.1,109271,N,(X),(X),(X),784,9.4,4.7,10.2,15.2,12.6,25.4,8.8,9.4,2.6,1.7,44853,55233,(X),(X),15.8
1400000US08031000201,"Census Tract 2.01, Denver County, Colorado",1505,6.9,8,9.4,5.6,19.9,16.7,14.7,13.7,2.5,2.5,50750,63717,26.9,(X),(X),834,2.9,2.8,6.6,6.8,23,20,16.9,17.4,3,0.6,56071,67680,(X),26.1,(X),647,0.6,0,1.1,6.6,24.9,22.3,19.3,20.6,3.9,0.8,63831,N,(X),(X),(X),671,11.9,14.6,12.8,4.2,16.1,14.9,11.9,6.9,1.8,4.9,38717,57615,(X),(X),27.9
1400000US08031000202,"Census Tract 2.02, Denver County, Colorado",1603,17.2,5.5,9,6.9,9.5,13,12.8,16.8,6.7,2.7,53578,67391,25.8,(X),(X),946,16.9,5.3,6,4.7,10.1,13.5,11.8,19.8,9.3,2.5,67500,71858,(X),30.4,(X),567,0,4.6,5.1,7.8,5.5,14.5,14.5,28.4,15.5,4.2,95956,N,(X),(X),(X),657,17.7,5.8,13.2,10,9.7,12.3,12.9,12.5,2.9,2.9,36629,60391,(X),(X),19
1400000US08031000301,"Census Tract 3.01, Denver County, Colorado",2605,7.4,5.4,5.8,8.6,14.4,18.3,7.6,20.7,7.6,4.1,57269,79421,22.6,(X),(X),1228,4,0.9,4.5,5,12.4,25.5,10.4,22.1,12,3.3,73409,85624,(X),18.5,(X),930,1.4,0,2.9,0,13.3,23.8,9.4,29.1,15.8,4.3,87206,N,(X),(X),(X),1377,10.4,9.4,9.1,9.8,16.3,11.9,9.5,15,3.8,4.8,48321,71826,(X),(X),22.7
1400000US08031000302,"Census Tract 3.02, Denver County, Colorado",1959,0.7,4.7,3.5,9.3,12.7,13.2,16,21.3,11.4,7.1,84846,100154,18.3,(X),(X),886,0,6.1,0,9.3,0,14.7,16.1,26.1,14,13.8,107097,124690,(X),14.3,(X),718,0,0,0,6.5,0,18.1,14.9,28.6,14.9,17,120357,N,(X),(X),(X),1073,1.3,3.6,6.4,11.6,21.5,11.9,15.3,17.3,10.9,0,63083,75054,(X),(X),21.6
1400000US08031000303,"Census Tract 3.03, Denver County, Colorado",2215,3.7,3.5,11.4,11.6,8.4,8.8,14.6,15.6,7.1,15.3,76732,112215,16.5,(X),(X),984,0.8,2.5,3.7,6,6.2,8.3,17.3,22.5,13.9,18.8,112500,128555,(X),22.3,(X),762,0,1.7,4.7,6.4,6.3,7.6,11.7,25.6,13.4,22.6,119464,N,(X),(X),(X),1231,6,4.2,17.5,16.2,10.2,9.2,12.5,10.1,4.5,9.6,43173,97869,(X),(X),11.9
1400000US08031000401,"Census Tract 4.01, Denver County, Colorado",1478,7.5,4.4,14.8,8.5,11.4,18.4,14.7,12.5,5,2.6,53438,65144,25.6,(X),(X),782,3.5,1.3,18.4,8.7,9.6,21.6,15.9,12.1,4,5,56944,71173,(X),22.3,(X),521,0,0,18,4.6,12.7,22.1,10.9,18.2,6,7.5,66438,N,(X),(X),(X),696,12.1,7.9,10.8,8.3,13.5,17.8,12.9,10.5,6.2,0,44338,57091,(X),(X),29.3
1400000US08031000402,"Census Tract 4.02, Denver County, Colorado",2877,11.3,8.6,8.8,7.4,9.7,11.7,8.3,17,6.8,10.5,61696,88535,13.6,(X),(X),791,1.5,4.3,7.8,4,3.8,14.8,8.2,33.2,6.2,16.1,108368,138301,(X),22.4,(X),548,0,0,2.4,5.8,2,6.6,11.9,39.2,8.9,23.2,132614,N,(X),(X),(X),2086,15,10.2,9.2,8.7,12,11.3,8.4,10.8,7,7.6,43639,68222,(X),(X),10.2
1400000US08031000501,"Census Tract 5.01, Denver County, Colorado",974,5.1,4.1,7.6,7.7,10,12.2,8.2,22,11.2,11.9,84643,101022,29.6,(X),(X),435,3,2.1,0.9,2.1,4.4,12.6,13.8,25.3,19.3,16.6,119250,137591,(X),28.3,(X),354,3.7,2.5,1.1,1.4,1.1,10.7,12.7,29.1,17.2,20.3,123056,N,(X),(X),(X),539,6.9,5.8,13,12.2,14.5,12.6,5.4,18.6,3,8.2,48438,69850,(X),(X),30.6
1400000US08031000502,"Census Tract 5.02, Denver County, Colorado",2750,7.7,12.9,8.9,9,12.2,11.3,9.1,15.3,4.8,8.9,48542,85027,21.1,(X),(X),1194,3.2,9.3,9.2,10,9.2,5.4,10.4,22.9,8.3,12.1,76875,111571,(X),18.1,(X),778,0,7.1,2.3,8.7,2.1,6.3,13.2,33.3,12.7,14.3,110956,N,(X),(X),(X),1556,11.1,15.7,12.6,4.4,14.5,16.8,7.1,10.3,1.1,6.4,37833,64081,(X),(X),23.5
1400000US08031000600,"Census Tract 6, Denver County, Colorado",1253,10.3,8.9,8.9,14.9,13.7,21.8,5.3,8,5.3,2.8,45026,70043,25.9,(X),(X),468,6.6,7.9,8.5,18.2,14.7,27.1,6.4,5.8,1.7,3,47083,55278,(X),28.6,(X),337,3.3,11,7.4,15.4,18.1,21.4,8.9,8,2.4,4.2,47813,N,(X),(X),(X),785,15,9.6,11.1,10.4,13.1,18.6,4.7,7.4,7.4,2.7,38458,76050,(X),(X),21.7
1400000US08031000701,"Census Tract 7.01, Denver County, Colorado",1758,20,8.7,22.7,5.3,18.1,9.7,8.1,3.6,0.3,3.4,23750,49995,36.5,(X),(X),759,9.9,8.6,14.8,8.2,17,16.1,13.7,4.2,0.8,6.9,38710,74423,(X),37,(X),480,2.9,7.7,23.3,10.4,15.4,11.7,9.8,6.7,1.3,10.8,36929,N,(X),(X),(X),999,27.7,8.8,28.7,4.4,18.9,3.7,3.8,3.2,0,0.7,17713,31084,(X),(X),36.1
1400000US08031000702,"Census Tract 7.02, Denver County, Colorado",2015,22.9,3.6,19.4,14.4,12.2,13.4,7,3.8,3,0.4,27847,40868,29.8,(X),(X),1008,27,2.8,19.2,9.2,14.7,8.8,7.5,5.8,5,0,25926,42231,(X),30.5,(X),463,10.2,0,24,4.1,16,13.8,11.4,9.7,10.8,0,47083,N,(X),(X),(X),1007,25.3,5.4,15.7,17,11,16.9,5.6,1.4,1,0.8,26722,37329,(X),(X),25.2
1400000US08031000800,"Census Tract 8, Denver County, Colorado",501,58.3,2.4,27.9,9.6,1.8,0,0,0,0,0,9363,12640,28.5,(X),(X),364,50,2.2,34.6,13.2,0,0,0,0,0,0,10000,12891,(X),36.3,(X),41,0,0,100,0,0,0,0,0,0,0,23029,N,(X),(X),(X),137,80.3,2.9,11.7,5.1,0,0,0,0,0,0,9002,10893,(X),(X),8
1400000US08031000902,"Census Tract 9.02, Denver County, Colorado",1674,5.6,7.9,13.3,12.4,13.7,22,12.5,9.6,2.4,0.5,48400,56700,28.9,(X),(X),1165,2.7,7,9.1,11.8,21.5,22.7,11.6,10.1,3.5,0,49217,59300,(X),32.6,(X),703,0,3.6,6.3,11.7,20.8,24.3,13.4,15.6,4.4,0,65091,N,(X),(X),(X),509,12.2,16.7,25,10.4,7.5,10.6,9,6.9,0,1.8,23984,42856,(X),(X),15.7
1400000US08031000903,"Census Tract 9.03, Denver County, Colorado",1909,13.5,7.3,13.1,13.3,17.8,17.7,13,2.7,0.2,1.5,39173,43826,33.8,(X),(X),1372,9.5,9.2,17.1,14.6,17.5,15.7,12.5,3.3,0.3,0.4,34714,42284,(X),38.8,(X),833,11.4,8,16.1,11.5,15.5,16.6,16.1,4.1,0,0.7,42688,N,(X),(X),(X),537,25.5,6.9,7.1,8.9,24.8,14,7.6,1.1,0,4.1,38618,40462,(X),(X),19
1400000US08031000904,"Census Tract 9.04, Denver County, Colorado",1797,17.6,6.3,20.1,10.2,14.7,16.5,9,3.3,2.1,0,27376,40023,33.9,(X),(X),1032,7.1,1.4,21.7,14.1,18.9,16.5,12.9,4.7,2.8,0,39670,47462,(X),38.4,(X),597,5.7,0,16.2,7.4,19.6,21.4,17.9,6.9,4.9,0,50346,N,(X),(X),(X),765,32.9,13.1,18,6,8.6,14.9,3.8,1.6,1,0,17179,29127,(X),(X),28
1400000US08031000905,"Census Tract 9.05, Denver County, Colorado",1160,12.9,9.8,7.9,19.8,17.8,15.1,6.3,10.3,0,0,34732,43708,34.7,(X),(X),739,13.1,4.1,8.5,19.9,20.7,18.7,3,12,0,0,37321,45351,(X),38.6,(X),452,4.4,1.1,4.4,22.1,18.6,27.9,4.9,16.6,0,0,49625,N,(X),(X),(X),421,14,20,11.2,18.1,13.5,7.4,12.1,3.8,0,0,26602,36485,(X),(X),27.8
1400000US08031001000,"Census Tract 10, Denver County, Colorado",1165,15.9,11.8,18.1,9.8,20.6,12.3,8,3.1,0.4,0,26810,34807,24.3,(X),(X),850,15.2,11.6,17.1,7.4,22.4,12.2,9.9,4.2,0,0,30972,36756,(X),23.8,(X),408,3.9,6.1,15.9,12.5,21.6,10.5,20.6,8.8,0,0,45222,N,(X),(X),(X),315,17.8,12.4,21,16.2,23.2,5.1,2.9,0,1.6,0,24688,28952,(X),(X),18.4
1400000US08031001101,"Census Tract 11.01, Denver County, Colorado",969,16.6,5,12.2,7.3,19.5,13.9,11.6,9.2,3.6,1.1,37430,52657,37.9,(X),(X),673,19.6,3.6,10.7,10.5,17.5,14.4,9.1,12.3,2.2,0,36589,50277,(X),38,(X),389,7.7,0,14.1,4.4,21.1,18.3,15.7,14.9,3.9,0,51750,N,(X),(X),(X),296,16.2,8.1,14.2,6.4,16.2,12.2,14.2,7.1,1.7,3.7,38333,50121,(X),(X),36.1
1400000US08031001102,"Census Tract 11.02, Denver County, Colorado",1529,11.4,2.3,6.6,1.4,14,22.7,16.7,8.4,7.9,8.6,65417,88179,26.1,(X),(X),598,15.1,1,10.9,0,14.2,9.4,23.9,4.8,12.5,8.2,73929,83590,(X),24.1,(X),311,0,0,3.2,0,8,18,28.6,5.8,20.6,15.8,92917,N,(X),(X),(X),931,9,3.1,7.4,2.3,10.3,31.3,13.5,11.8,3,8.3,64391,86962,(X),(X),27.4
1400000US08031001301,"Census Tract 13.01, Denver County, Colorado",1526,7.2,4.3,17.4,12.8,11.6,24,8.5,10,3.7,0.5,43173,54412,36.3,(X),(X),987,4.5,4.2,16.5,13.2,14.9,23.2,7.3,10.5,5.8,0,46576,57041,(X),44.5,(X),528,3.2,1.5,18.6,7,18.2,20.6,12.9,14.6,3.4,0,51111,N,(X),(X),(X),539,13.2,5.4,18.9,12.8,10.2,22.6,6.5,8.9,0,1.5,34766,45796,(X),(X),17.1
1400000US08031001302,"Census Tract 13.02, Denver County, Colorado",1362,9.7,8.7,9,14.8,15.7,22.2,13.9,3.4,2.6,0,40739,48371,23.2,(X),(X),934,11,3,10.7,13.1,14.5,21.9,20.2,1.7,3.9,0,44250,52611,(X),28.9,(X),580,0.5,2.4,10.5,6.4,23.3,25.9,22.1,2.8,6.2,0,53667,N,(X),(X),(X),428,8.4,21.3,3.7,18.5,18.5,22.7,0,7,0,0,33750,38782,(X),(X),5.8
1400000US08031001401,"Census Tract 14.01, Denver County, Colorado",1977,14.1,8.9,18.1,14.6,9.3,17.9,6.1,9.4,1.2,0.6,32511,44906,26.9,(X),(X),1351,3.4,6.5,18.7,19,13.8,17.2,8.6,11,1.8,0,38552,50102,(X),25.3,(X),801,1.1,0,20,19.1,12.5,17.7,11.6,15,3,0,45764,N,(X),(X),(X),626,40.1,13.9,18.2,4.8,8.5,10.7,0,1.9,0,1.9,13941,26866,(X),(X),26.5
1400000US08031001402,"Census Tract 14.02, Denver County, Colorado",1400,17.4,3.1,20.9,12.9,11.9,22.1,8.8,0,1.5,1.6,31449,48760,31.6,(X),(X),847,6,3.2,26.3,16.2,17.4,21.7,9.2,0,0,0,32372,38462,(X),39,(X),540,1.1,1.3,20.9,21.1,22.2,18.9,14.4,0,0,0,40500,N,(X),(X),(X),553,34.7,4.7,20.4,6.7,4.7,14.5,6.5,0,3.8,4,22014,60612,(X),(X),13.6
1400000US08031001403,"Census Tract 14.03, Denver County, Colorado",1529,9.7,4.4,5.2,14.5,13.4,21,18.2,7.3,3.9,2.4,51063,60666,19.9,(X),(X),558,15.1,1.3,2.9,1.4,17.7,13.8,13.4,18.5,10.8,5.2,59754,81744,(X),26.5,(X),313,2.6,2.2,5.1,2.6,0,21.7,21.4,31.3,3.8,9.3,90673,N,(X),(X),(X),971,6.6,6.3,6.6,21.9,12.7,25.1,19.2,0.8,0,0.8,44760,47733,(X),(X),16.1
1400000US08031001500,"Census Tract 15, Denver County, Colorado",1042,16.6,9.8,21,11.7,9.3,15.5,6.7,7.6,1.7,0,26731,40428,34.8,(X),(X),563,8.9,10.7,17.2,10.3,13.1,19.2,4.6,12.8,3.2,0,37426,48505,(X),49,(X),312,4.8,3.2,21.2,8,7.7,31.4,6.1,11.9,5.8,0,51481,N,(X),(X),(X),479,29.9,8.8,21.3,13.4,11.9,11.3,3.5,0,0,0,20110,25449,(X),(X),18.2
1400000US08031001600,"Census Tract 16, Denver County, Colorado",4064,8.4,5.4,6.3,7.6,12.5,19.8,12.2,14.9,8.3,4.7,61333,78297,23,(X),(X),1139,12.3,9.9,8.9,10.4,9.5,13.7,4,15.3,4,12.2,49291,80245,(X),24.4,(X),721,0,8.2,11.9,7.1,13.3,19,4.2,24.1,3.2,9,52114,N,(X),(X),(X),2925,6.9,3.6,5.2,6.5,13.6,22.2,15.4,14.8,9.9,1.8,67550,77538,(X),(X),22.4
1400000US08031001701,"Census Tract 17.01, Denver County, Colorado",3190,12.4,8.2,4.1,1.5,4.9,14,14.5,13.9,9.6,16.9,83654,118715,19.5,(X),(X),798,2.9,3.5,8.8,0,3.9,4,13.7,11.9,21.2,30.2,151019,171217,(X),22.3,(X),728,1.9,1.1,4,0,4.3,4.4,15,13,23.2,33.1,166759,N,(X),(X),(X),2392,15.6,9.8,2.5,2,5.2,17.3,14.8,14.6,5.7,12.5,66683,101200,(X),(X),18.6
1400000US08031001702,"Census Tract 17.02, Denver County, Colorado",2298,15.1,8.3,13.7,2.4,5.4,17.3,11.6,10.2,6.1,9.9,53707,93870,19.2,(X),(X),301,0,0,3.7,5,0,6.3,9.3,16.6,13,46.2,187946,306209,(X),11,(X),275,0,0,0,0,0,6.9,10.2,18.2,14.2,50.5,215082,N,(X),(X),(X),1997,17.4,9.5,15.2,2.8,5.5,19,11.9,9.2,5.1,4.5,49508,61750,(X),(X),20.5
1400000US08031001800,"Census Tract 18, Denver County, Colorado",1627,17,8.3,13.3,7.8,13.3,12.3,12.7,13.2,1.4,0.7,38527,51546,28,(X),(X),407,9.8,0,14,19.2,12.8,19.4,9.1,10.3,2.7,2.7,37298,60209,(X),29.5,(X),208,0,0,0,18.8,0,38,17.8,20.2,0,5.3,66944,N,(X),(X),(X),1220,19.4,11.1,13,5.5,12,11.6,12.2,14.2,1,0,36875,47978,(X),(X),27.5
1400000US08031001901,"Census Tract 19.01, Denver County, Colorado",930,43.8,4.2,8.1,10.8,18.3,5.8,2.6,5.3,1.3,0,16011,28842,47.6,(X),(X),503,41.2,2,8.2,16.5,16.9,3.2,3.6,6.2,2.4,0,17969,31799,(X),43.9,(X),207,7.7,4.8,12.1,16.4,24.2,7.7,8.7,15,3.4,0,39271,N,(X),(X),(X),427,46.8,6.8,8,8.9,16.4,8.9,0,4.2,0,0,11164,24192,(X),(X),47.1
1400000US08031001902,"Census Tract 19.02, Denver County, Colorado",49,8.2,0,0,0,12.2,6.1,44.9,12.2,0,16.3,82813,98798,32.7,(X),(X),16,0,0,0,0,0,0,75,0,0,25,-,N,(X),75,(X),16,0,0,0,0,0,0,75,0,0,25,-,N,(X),(X),(X),33,12.1,0,0,0,18.2,9.1,30.3,18.2,0,12.1,78375,84567,(X),(X),12.1
1400000US08031002000,"Census Tract 20, Denver County, Colorado",1325,8.9,7.2,8.8,7.2,6.1,17.6,11.2,13.4,5.1,14.7,68459,121184,25.5,(X),(X),414,0,0,4.3,4.1,0,6.5,27.5,20,13.8,23.7,130469,169117,(X),21.5,(X),365,0,0,0,4.7,0,7.4,25.5,22.7,12.9,26.8,131224,N,(X),(X),(X),911,13,10.4,10.8,8.6,8.9,22.6,3.7,10.3,1.1,10.6,47868,99401,(X),(X),27.3
1400000US08031002100,"Census Tract 21, Denver County, Colorado",2571,13.2,13.7,9.1,6.5,15.6,12.4,5.6,18,1.6,4.2,41595,64393,25.7,(X),(X),923,9.2,9.6,10.2,10,8.9,12.2,7.4,20.3,2.3,10,50871,86930,(X),23.1,(X),676,8.9,5.5,10.7,6.5,3.6,13.5,10.1,27.7,3.1,10.7,82823,N,(X),(X),(X),1648,15.5,16,9.2,7.5,15.7,13.5,4.6,15.8,1.3,1,37039,50514,(X),(X),27.2
1400000US08031002300,"Census Tract 23, Denver County, Colorado",2142,6.9,5.2,8.7,10.8,12.3,15.8,14.4,18.4,4.2,3.3,59182,73009,28.4,(X),(X),1391,5.8,2.4,8.7,13.2,11.8,18.8,18.6,12.4,4.7,3.5,60197,72505,(X),28.5,(X),800,3.4,1.9,1.9,11,18.8,18.1,15.4,16.4,8.3,5,61754,N,(X),(X),(X),751,8.9,10.5,8.8,8.3,21.4,6.3,8,21.8,3.2,2.8,42757,67305,(X),(X),24.5
1400000US08031002402,"Census Tract 24.02, Denver County, Colorado",822,20.1,5.1,8.4,4.6,7.5,14.1,14.1,14.1,4.6,7.3,60250,78972,24.9,(X),(X),355,18,1.4,10.4,5.9,5.4,1.4,12.1,29.9,5.9,9.6,87917,104489,(X),28.2,(X),235,0,2.1,4.7,4.3,8.1,2.1,18.3,39.6,8.9,11.9,120089,N,(X),(X),(X),467,22.7,7.9,6.9,3.6,8.1,23.8,15.6,2.1,3.6,5.6,52188,59176,(X),(X),22.5
1400000US08031002403,"Census Tract 24.03, Denver County, Colorado",1991,17.7,12.4,9.1,11.5,6.7,11.1,12.2,9.7,2.8,6.8,34583,62763,30.2,(X),(X),511,5.9,13.1,5.9,19.8,3.9,4.7,10.8,8.8,10.8,16.4,67750,95396,(X),33.3,(X),306,0,2.6,0,15,0,7.8,18,11.1,18,27.5,112143,N,(X),(X),(X),1480,21.8,12.2,10.9,8.6,7,13.3,12.7,10.1,0,3.4,29833,51388,(X),(X),29.2
1400000US08031002601,"Census Tract 26.01, Denver County, Colorado",2195,22.9,7.5,9.1,7.8,5.2,14.7,17.7,9.4,3,2.6,41845,57438,11.1,(X),(X),196,0,25,11.7,14.3,0,8.2,19.9,7.7,6.1,7.1,27321,74902,(X),0,(X),124,0,12.1,18.5,0,0,12.9,23.4,12.1,9.7,11.3,81111,N,(X),(X),(X),1999,25.1,5.8,9.5,7.2,5.8,15.4,17.5,9.6,2,2.2,41409,54754,(X),(X),11.5
1400000US08031002602,"Census Tract 26.02, Denver County, Colorado",1686,13.9,3,9.6,5.4,16.3,14.1,13,17.6,3.1,4.2,55181,68411,12.2,(X),(X),303,3,0,15.2,2.6,14.9,7.3,6.9,29.7,11.2,9.2,100179,98575,(X),4.6,(X),235,3.8,0,3.8,0,19.1,2.6,8.9,35.3,14.5,11.9,110750,N,(X),(X),(X),1383,16.3,3.6,8.9,5.5,16.6,15.5,14.4,14.9,1.3,3,48487,61764,(X),(X),13.8
1400000US08031002701,"Census Tract 27.01, Denver County, Colorado",3442,12.8,7,11.9,17.9,18.9,16,5,6.4,3,1,35309,46337,16.2,(X),(X),377,4,0,0,5.8,13.5,24.4,19.9,6.9,16.4,9,88563,102633,(X),20.2,(X),255,0,0,0,0,8.2,23.5,29.4,10.2,15.3,13.3,96205,N,(X),(X),(X),3065,13.9,7.9,13.4,19.4,19.6,14.9,3.2,6.4,1.3,0,31910,39413,(X),(X),15.7
1400000US08031002702,"Census Tract 27.02, Denver County, Colorado",3758,10,5.7,10.4,11.1,15.5,16.9,14.2,8.3,3.5,4.6,47274,70039,16.8,(X),(X),514,0,0,1.8,3.1,8.2,15.8,17.5,28.4,19.1,6.2,104750,132894,(X),12.3,(X),445,0,0,0,0,6.5,18.2,20.2,32.8,15.1,7.2,107981,N,(X),(X),(X),3244,11.5,6.6,11.7,12.4,16.6,17.1,13.6,5.1,1.9,3.4,43178,59447,(X),(X),17.5
1400000US08031002703,"Census Tract 27.03, Denver County, Colorado",3358,15.1,6.2,13.8,12.8,14.9,18.1,10.8,6,2.1,0,37620,45323,20.3,(X),(X),544,10.5,2.8,9.9,5.9,6.4,19.5,13.4,20.4,11.2,0,61618,72103,(X),31.3,(X),401,0,3.7,8.7,8,4.7,18,18.2,27.7,11,0,86599,N,(X),(X),(X),2814,16,6.9,14.5,14.1,17.2,18.5,9.1,3.3,0.4,0,33914,39627,(X),(X),18.2
1400000US08031002801,"Census Tract 28.01, Denver County, Colorado",1595,5.9,5.1,5.5,10.8,11.9,18.2,13,13,8,8.7,64555,97602,17.2,(X),(X),442,2,0,2.3,6.6,1.1,14,10.2,17.9,20.1,25.8,140625,187214,(X),12.4,(X),366,0,0,0,7.9,0,9.3,12.3,19.7,19.7,31.1,153182,N,(X),(X),(X),1153,7.4,7,6.7,12.5,16.5,19.8,13.6,11.1,3.3,2.2,47473,63083,(X),(X),19
1400000US08031002802,"Census Tract 28.02, Denver County, Colorado",2805,9.1,5.8,10.3,15.5,15.6,14.7,5.2,16.4,5.3,2,46623,62225,25.3,(X),(X),482,0,0,18.7,16.6,2.9,11.8,9.1,19.9,21,0,75000,88814,(X),14.3,(X),352,0,0,4.3,19.3,4,13.4,12.5,20.7,25.9,0,88000,N,(X),(X),(X),2323,11,7.1,8.6,15.3,18.3,15.2,4.4,15.6,2.1,2.4,44825,56708,(X),(X),27.6
1400000US08031002803,"Census Tract 28.03, Denver County, Colorado",3079,3.5,5.2,8.8,12.3,17.8,26.8,8.1,11.8,0.7,4.8,51297,64065,17.3,(X),(X),402,0,6.5,8.7,7,0,29.9,8.7,27.9,2.7,8.7,74429,88762,(X),10.2,(X),248,0,0,0,0,0,48.4,9.3,23.8,4.4,14.1,75833,N,(X),(X),(X),2677,4.1,5,8.8,13.1,20.5,26.4,8,9.7,0.4,3.9,46927,60113,(X),(X),18.4
1400000US08031002901,"Census Tract 29.01, Denver County, Colorado",1487,9.4,5.4,9.3,2.8,19.6,15.1,13.6,12.6,4.8,7.4,56208,83437,19.7,(X),(X),550,3.3,0,10.9,4.5,8.9,17.3,18.2,14.4,9.6,12.9,87969,112113,(X),25.1,(X),401,0,0,11.5,3.2,7,14.7,13,19.7,13.2,17.7,110368,N,(X),(X),(X),937,13,8.6,8.9,1.7,25.4,18.2,9.2,10.2,1.9,2.8,45750,59857,(X),(X),16.5
1400000US08031002902,"Census Tract 29.02, Denver County, Colorado",1974,1.2,2.8,2,5.3,6.9,14.6,17.3,18.7,15.5,15.6,99643,125703,23.7,(X),(X),921,2.1,0,1.7,1.8,7.1,15,16,16.8,12.7,26.8,111875,152053,(X),16.1,(X),744,0,0,2.2,1.1,6,12.5,14.5,15.7,14.8,33.2,140625,N,(X),(X),(X),1053,2.2,5.3,2.2,8.4,6.8,12.4,19.4,20.3,17.9,5.1,84694,100591,(X),(X),30.3
1400000US08031003001,"Census Tract 30.01, Denver County, Colorado",2716,4.2,3,9.1,7.5,6.9,15.3,12.9,17,11.7,12.4,80081,103610,21.3,(X),(X),1314,2.7,1.1,7.1,11.9,7,11.5,8,15,18.1,17.7,100362,120200,(X),25.5,(X),880,2,0,3.5,8.4,3.9,9.3,8.1,15.3,27,22.4,146607,N,(X),(X),(X),1402,6.8,4.9,11.5,6.9,9.1,16.6,13.3,19.2,5.6,6.1,65637,82018,(X),(X),16
1400000US08031003002,"Census Tract 30.02, Denver County, Colorado",1266,9.2,3.5,8,11.4,8.5,13.3,22.3,14.9,5.6,3.4,65000,76436,23.4,(X),(X),515,4.1,0,0,6.8,10.7,14.4,23.1,23.1,11.1,6.8,88906,108536,(X),13.8,(X),351,0,0,0,2.6,5.4,8,27.6,30.2,16.2,10,108750,N,(X),(X),(X),751,12.8,5.9,13.4,14.5,8.1,16.2,20.5,5.6,1.9,1.1,43221,51462,(X),(X),30
1400000US08031003003,"Census Tract 30.03, Denver County, Colorado",1073,20.2,9,7.1,9.8,14,9.7,6.6,14.9,5.2,3.4,37470,58207,22,(X),(X),446,2.2,2.9,1.6,7.8,19.3,15.9,9,23.1,9.9,8.3,83333,93386,(X),20,(X),313,3.2,4.2,0,0,8.9,15,9.9,32.9,14.1,11.8,109476,N,(X),(X),(X),627,33,13.4,11,12.4,10.2,5.4,4.9,7.7,1.9,0,16125,31311,(X),(X),21.1
1400000US08031003004,"Census Tract 30.04, Denver County, Colorado",2533,13.8,9,5.4,9.1,14.2,19.1,7.1,13.3,5.6,3.4,48250,64630,28.3,(X),(X),944,4.1,2.6,1.7,6.1,23.1,15.3,7.5,22.1,11.1,6.3,66314,91923,(X),26.2,(X),789,0,1.6,0,5.3,27.6,9.1,9,26.5,13.3,7.5,97850,N,(X),(X),(X),1589,19.6,12.7,8.7,10.8,8.9,22.3,5.9,7.1,2.3,1.6,34217,46686,(X),(X),29.6
1400000US08031003101,"Census Tract 31.01, Denver County, Colorado",732,8.2,7.5,4.8,8.7,8.2,29.1,11.7,5.9,11.1,4.8,60114,75289,26.6,(X),(X),277,0,0,2.2,14.8,3.6,33.6,8.3,12.6,14.4,10.5,68036,106232,(X),35.7,(X),204,0,0,0,17.2,4.9,15.7,11.3,17.2,19.6,14.2,106000,N,(X),(X),(X),455,13.2,12.1,6.4,6.4,11,26.4,12.5,1.8,9,1.3,50865,55817,(X),(X),19.8
1400000US08031003102,"Census Tract 31.02, Denver County, Colorado",1738,27.8,10.1,8.6,13.1,6.6,15,3.4,9.9,3.5,2,27572,46013,24.5,(X),(X),297,17.2,16.5,0,6.4,2.7,9.1,3,21.5,15.2,8.4,70972,90624,(X),26.6,(X),215,3.7,17.7,0,0,3.7,8.4,4.2,29.8,20.9,11.6,136691,N,(X),(X),(X),1441,30,10.7,10.4,12.6,7.4,16.8,3.5,6.9,1.7,0,22243,36117,(X),(X),23.5
1400000US08031003201,"Census Tract 32.01, Denver County, Colorado",3225,5.6,5,10,8.9,19.1,21.3,13.2,8.8,4.4,3.7,51686,65693,17.6,(X),(X),714,4.6,6.9,0,0,10.9,14,12.9,24.9,11.5,14.3,100694,113308,(X),25.2,(X),574,3.5,0,0,0,10.5,12.2,13.6,31,14.3,15,107955,N,(X),(X),(X),2511,5.9,4.5,12.9,11.5,21.4,23.4,13.3,4.2,2.3,0.7,44645,52154,(X),(X),15.4
1400000US08031003202,"Census Tract 32.02, Denver County, Colorado",1896,10.5,7.9,12.6,8.4,11.8,18.6,13.6,9.9,2.2,4.6,48553,63330,23.7,(X),(X),410,8.8,3.2,3.2,2.9,13.9,15.6,18.5,11.5,6.8,15.6,78816,107429,(X),28.3,(X),350,10.3,3.7,0,3.4,12,12.9,21.7,11.4,8,16.6,82000,N,(X),(X),(X),1486,11,9.2,15.1,10,11.6,18.9,12.2,9.5,0.9,1.5,38264,50982,(X),(X),22.4
1400000US08031003203,"Census Tract 32.03, Denver County, Colorado",1342,0.7,1.7,2.2,4.3,6.4,11,9.5,16.9,7.8,39.3,129706,217437,23.8,(X),(X),797,0,0,0,1.1,3.8,5.3,9,16.2,8.8,55.8,222917,280139,(X),28.7,(X),733,0,0,0,1.2,2,4.6,8.3,17.6,8,58.1,231250,N,(X),(X),(X),545,1.8,4.2,5.5,9,10.3,19.4,10.3,18,6.4,15,69766,125743,(X),(X),16.7
1400000US08031003300,"Census Tract 33, Denver County, Colorado",1483,2.1,1.8,6,5.3,5.9,11.8,12.1,26.2,11,17.7,109730,134938,22.9,(X),(X),819,3.5,0,3.1,1.3,1.5,12.3,13.4,23.3,15.4,26.1,126083,153933,(X),30.5,(X),669,1.9,0,3.7,1.6,1.8,8.8,12.3,21.4,16.4,32,148125,N,(X),(X),(X),664,1.4,4.1,9.6,10.2,11.4,11.1,10.4,30.7,4.7,6.3,79833,100257,(X),(X),13.4
1400000US08031003401,"Census Tract 34.01, Denver County, Colorado",1221,3.4,1.3,4.3,8.8,9.3,21.5,10.6,10.2,11.1,19.5,80313,133017,15,(X),(X),533,1.5,0,1.5,1.7,3,10.7,12.6,12.8,19.3,37,175568,206800,(X),15.2,(X),500,0,0,1.6,0,3.2,8.2,13.4,13.6,20.6,39.4,178929,N,(X),(X),(X),688,4.9,2.3,6.5,14.2,14.1,29.8,9,8.3,4.8,6,56698,75773,(X),(X),14.8
1400000US08031003402,"Census Tract 34.02, Denver County, Colorado",2034,5.6,2.2,3.7,2.8,5.6,11.6,12.6,20.5,9.5,26,108627,159904,24.5,(X),(X),1273,1.6,3.1,0,0,6.1,8.1,12.5,22.2,11.7,34.7,127277,200965,(X),25.8,(X),1075,0.7,0.7,0,0,5.5,6.4,13.4,21.5,12.1,39.7,151875,N,(X),(X),(X),761,12.2,0.7,9.9,7.5,4.6,17.3,14.1,19.1,3.3,11.4,69750,89322,(X),(X),22.3
1400000US08031003500,"Census Tract 35, Denver County, Colorado",1763,8.3,9.6,17.4,15.8,18.3,14.5,8.5,6.6,0.5,0.5,33972,43029,52,(X),(X),1361,7.2,10.2,17.9,14.1,18.4,14.9,11.8,4.7,0,0.7,35586,42923,(X),52.8,(X),784,2.9,5.7,15.9,16.2,17.3,18.4,18,4.3,0,1.1,41944,N,(X),(X),(X),402,15.2,10,15.9,18.9,14.4,12.9,2,8.5,2.2,0,30739,39924,(X),(X),41.3
1400000US08031003601,"Census Tract 36.01, Denver County, Colorado",1676,12.1,5,12.6,18.3,13.2,21.1,11.2,2.4,2.9,1.3,38012,49052,39,(X),(X),1098,8.7,7.2,10.8,17.9,13.8,20.9,13.3,1.8,3.7,1.9,38879,53500,(X),36.9,(X),584,3.4,0,10.8,14.2,24,16.4,19,3.4,5.1,3.6,48654,N,(X),(X),(X),578,19.9,5.4,16.4,18.3,9.2,20.1,5.9,3.6,1.2,0,28514,37484,(X),(X),36.3
1400000US08031003602,"Census Tract 36.02, Denver County, Colorado",1488,12.8,4.6,8.7,19.7,10.4,16.8,11.7,10.6,2.5,2.2,40417,54313,39.4,(X),(X),906,14.5,3.2,7.8,21.9,11,12.1,15.3,10.4,2.5,1.2,37069,53200,(X),40.5,(X),480,5.4,1.5,7.1,29.2,19.8,13.8,11.3,9.8,0,2.3,38438,N,(X),(X),(X),582,10.1,6.9,11.9,19.8,12.5,19.9,6,8.6,2.4,1.9,35909,49795,(X),(X),35.9
1400000US08031003603,"Census Tract 36.03, Denver County, Colorado",1355,5.4,8.1,12.4,11.4,6.1,12.5,13.5,19.5,6.7,4.4,61375,77703,25.5,(X),(X),582,0,2.7,10,8.9,12,9.5,22.7,17.9,12.7,3.6,81094,91971,(X),26.3,(X),344,0,0,1.7,11.9,2.9,8.4,29.1,26.5,13.4,6.1,97813,N,(X),(X),(X),773,9.4,12.2,14.2,13.3,4.7,13.3,8.8,19.1,0,4.9,44306,63925,(X),(X),25
1400000US08031003701,"Census Tract 37.01, Denver County, Colorado",1542,7.1,9.1,8.6,6.6,10.6,18.6,10,18,6.6,4.8,60500,75256,21,(X),(X),547,4.8,1.5,8.4,5.3,1.1,11.5,16.1,27.2,10.6,13.5,101042,111560,(X),19.6,(X),434,0,0,2.1,4.1,1.4,14.5,15.4,34.3,13.4,14.7,117100,N,(X),(X),(X),995,8.3,13.3,8.7,7.3,15.9,22.5,8.7,10.8,4.4,0,47724,54620,(X),(X),21.8
1400000US08031003702,"Census Tract 37.02, Denver County, Colorado",2740,11.7,8.1,7.7,19.1,14.5,10,6.8,14.9,4.2,3,39901,62919,15.9,(X),(X),610,0,0,2,0,3,4.9,16.1,41.8,18.7,13.6,133333,147243,(X),12.3,(X),574,0,0,0,0,3.1,3,17.1,42.5,19.9,14.5,134123,N,(X),(X),(X),2130,15.1,10.4,9.3,24.6,18,11.5,3.9,7.2,0,0,30850,38713,(X),(X),16.9
1400000US08031003703,"Census Tract 37.03, Denver County, Colorado",1546,4.7,6.6,12.2,8.4,13.7,17.1,9.3,11.2,7.1,9.8,57439,88133,23.7,(X),(X),482,1.9,0,2.1,5,6.4,12.2,17.8,18.7,13.3,22.6,110652,152574,(X),17.4,(X),379,0,0,0,1.6,8.2,10.6,16.1,19.5,15.3,28.8,118527,N,(X),(X),(X),1064,5.9,9.6,16.8,10,17.1,19.2,5.5,7.8,4.8,3.4,40878,58285,(X),(X),26
1400000US08031003800,"Census Tract 38, Denver County, Colorado",3942,9,3.5,8.8,2.8,9.7,11.4,6.5,12.2,12.6,23.6,89840,149754,27.7,(X),(X),1368,0.9,1.2,5.4,0,5.1,5.1,3,8.1,21.2,50,198750,251284,(X),22.7,(X),1096,0,0,5.2,0,3.8,6.4,2.5,8.8,17.7,55.7,209948,N,(X),(X),(X),2574,13.3,4.7,10.6,4.3,12.7,14.8,8.3,13.7,8,9.6,55450,95479,(X),(X),30.4
1400000US08031003901,"Census Tract 39.01, Denver County, Colorado",2277,1.9,0.7,0.6,0,4.7,13.1,13,23.5,10.1,32.3,126083,181975,30.9,(X),(X),1312,0,0,1,0,1.3,10.8,15.3,18.9,11.1,41.5,165172,210687,(X),33.1,(X),1170,0,0,1.1,0,0,11.3,15,20.5,11.2,40.9,165603,N,(X),(X),(X),965,4.6,1.8,0,0,9.4,16.2,9.8,30.6,8,19.7,102484,142249,(X),(X),27.9
1400000US08031003902,"Census Tract 39.02, Denver County, Colorado",1827,2.5,1.1,5.9,2.8,12.5,10.2,23,16.5,6.3,19.1,93482,143058,29.5,(X),(X),1221,3,2,3.8,1.7,9.6,6.1,24.4,17,7.8,24.5,99528,165496,(X),26.9,(X),803,0,0,1.6,1.2,6.7,3,20.4,18.9,10.8,37.2,146023,N,(X),(X),(X),606,1.3,3.3,6.1,5.1,19.8,19.8,18.8,14,3.5,8.3,69444,95668,(X),(X),30.7
1400000US08031004002,"Census Tract 40.02, Denver County, Colorado",1386,5.8,0,5.1,6,9.1,13.6,9.2,16.8,17,17.5,102981,129944,31.7,(X),(X),959,2.6,0,0,2.9,6.4,12.4,9.7,19.9,24.5,21.6,130329,157150,(X),27.8,(X),816,0,0,0,1.1,4.9,8.5,8.8,23.4,27.9,25.4,160135,N,(X),(X),(X),427,13.1,0,16.4,12.9,15.2,18.7,8,7.3,1.9,6.6,46451,66283,(X),(X),37.7
1400000US08031004003,"Census Tract 40.03, Denver County, Colorado",1893,0.9,2.3,9.8,4.9,13.8,20.3,14.6,18.4,6,8.8,70987,97695,24.5,(X),(X),1113,1.5,0.5,3.3,3.8,14.5,17.9,15.5,25,3.2,14.7,93523,118874,(X),24.2,(X),885,0,0.7,1.7,4,14,11.1,16.7,29.3,4.1,18.5,108672,N,(X),(X),(X),780,0,4.9,19,6.5,12.9,27.9,10.8,9.1,8.5,0.4,52885,65029,(X),(X),25
1400000US08031004004,"Census Tract 40.04, Denver County, Colorado",828,1.2,1.6,5.4,7.4,12,20.8,17.8,10.7,13,10.1,78900,102228,16.2,(X),(X),465,0,0,0.9,1.3,9.7,16.3,20.4,17.4,21.1,12.9,110104,130021,(X),10.5,(X),384,0,0,1,0,10.4,12.2,22.4,15.6,22.7,15.6,111875,N,(X),(X),(X),363,2.8,3.6,11.3,15.2,16.8,26.4,12.9,1.7,5.8,3.6,50375,63614,(X),(X),22.9
1400000US08031004005,"Census Tract 40.05, Denver County, Colorado",1601,15.6,5.4,11.1,12.9,12.9,15.6,15.1,5.4,2.2,3.8,37096,56556,22.5,(X),(X),395,6.1,0,17,5.6,13.2,3,26.3,14.2,3.8,10.9,81653,89162,(X),22.8,(X),264,2.7,0,16.7,4.9,2.3,1.9,34.8,14.8,5.7,16.3,86875,N,(X),(X),(X),1206,18.7,7.2,10.2,15.3,12.9,18.6,12.4,1.6,2.4,0.7,34346,44782,(X),(X),22.4
1400000US08031004006,"Census Tract 40.06, Denver County, Colorado",2049,8.1,6.4,12.6,6.1,10.4,14.9,7.1,7.3,6.3,20.7,59275,125229,24,(X),(X),844,0.7,1.4,4.3,2.7,3.1,7.6,8.2,15.8,13.7,42.5,186500,231104,(X),14.3,(X),728,0.8,0,4.9,2.3,2.5,7,8,16.3,13.9,44.2,187500,N,(X),(X),(X),1205,13.2,9.9,18.5,8.5,15.5,20,6.3,1.4,1.2,5.5,34875,51024,(X),(X),30.7
1400000US08031004101,"Census Tract 41.01, Denver County, Colorado",1598,13.3,15.3,12.4,10.5,18.1,15,2.7,8.6,2.8,1.3,33802,45081,32.9,(X),(X),939,10.1,13.7,10,11.2,23.1,13.8,4.9,8.1,2.8,2.2,38631,49316,(X),37.3,(X),445,7,2.5,8.5,12.8,31,10.3,4.7,12.6,5.8,4.7,42813,N,(X),(X),(X),659,17.9,17.5,15.8,9.4,11.1,16.7,3.3,5.6,2.7,0,24063,37115,(X),(X),22.3
1400000US08031004102,"Census Tract 41.02, Denver County, Colorado",1353,8.9,8.8,13.7,10.7,13.3,21.8,10.1,9.6,1.6,1.5,42901,53638,42.5,(X),(X),809,10.8,8.2,7.9,12.7,13.7,21.1,10.9,12.1,1.5,1.1,43814,55909,(X),40.5,(X),405,7.2,7.4,5.2,18.3,5.9,24,9.1,20,3,0,54931,N,(X),(X),(X),544,7.9,16,22.4,7.7,17.5,18.8,1.5,6.6,1.7,0,26667,40242,(X),(X),35.7
1400000US08031004103,"Census Tract 41.03, Denver County, Colorado",2139,4.8,3.6,9.2,7.1,10.2,10.4,15.8,13.9,9.4,15.5,86125,109025,34.5,(X),(X),1470,0,0,8.2,8,12.8,9.7,11,17.9,12.8,19.7,100577,127013,(X),29.9,(X),1121,0,0,3.4,5.4,11.5,10.6,9.1,20.2,14,25.9,116758,N,(X),(X),(X),669,15.4,11.4,13.5,7.3,11.4,14.5,15.1,5.2,0,6.3,36875,62504,(X),(X),40.5
1400000US08031004104,"Census Tract 41.04, Denver County, Colorado",1862,11,2.5,8.9,7.5,11.3,19.5,14.4,18.4,3.8,2.6,60710,71074,30,(X),(X),951,9.9,0.8,4.7,4.9,10,19.9,15.7,26.1,4.5,3.5,71875,83815,(X),31.7,(X),601,1.7,0,5.5,2.5,7.2,14.8,16.5,41.3,5.2,5.5,104417,N,(X),(X),(X),911,12.2,4.3,14.6,11.1,13.1,17.8,12.4,11.1,1.9,1.6,46806,55993,(X),(X),28.3
1400000US08031004106,"Census Tract 41.06, Denver County, Colorado",2992,0.7,0.8,1.5,0,7.2,8.3,9.5,28.2,18.2,25.6,135967,154668,22,(X),(X),2217,2.1,0.6,0.6,0,2.3,7.5,8,24.2,23,31.6,158880,170072,(X),16.6,(X),1810,0,0,0.8,0,0.7,6.4,5.1,24,24.4,38.7,173796,N,(X),(X),(X),775,2.8,1.4,2.6,0,16.4,15.9,10.2,39,3.2,8.5,101146,104421,(X),(X),32.5
1400000US08031004107,"Census Tract 41.07, Denver County, Colorado",2204,4.5,2.5,10.5,3.4,5.4,12.9,11.9,24.3,11.5,13.1,96902,110843,18.6,(X),(X),1208,1.5,2.3,6.3,0.9,4.1,11.3,14.4,21.1,18.2,20,130326,139439,(X),12.6,(X),983,1.8,2.8,4.4,1.1,5,4.7,13.8,21.2,21.6,23.6,138113,N,(X),(X),(X),996,8.2,2.8,15.6,6.3,6.9,15,8.8,28.2,3.3,4.8,66800,76161,(X),(X),25.8
1400000US08031004201,"Census Tract 42.01, Denver County, Colorado",1975,6.2,3.4,5.5,3.2,8.3,17.5,12.7,15,6.8,21.4,90023,147497,18,(X),(X),1300,2,2.8,4,3.2,4.5,13.9,14.4,17.9,5.8,31.5,110957,190776,(X),13,(X),1045,0.6,0,3.3,3.1,4.6,8.5,16.5,18.9,6.4,38.1,137928,N,(X),(X),(X),675,14.2,4.7,8.3,5,13.8,24.4,9.5,9.3,8.7,1.9,55197,63984,(X),(X),21.9
1400000US08031004202,"Census Tract 42.02, Denver County, Colorado",1617,0.8,3.1,3.6,4.3,7.8,10.7,12.2,20.7,17.1,19.6,120144,149624,19.6,(X),(X),1020,0,1.5,2.3,1.4,6.9,6.2,10.3,21.3,25,25.3,150536,182900,(X),19.3,(X),854,0,0,2.7,0.8,4.9,6.1,11.4,20,24.9,29.2,163452,N,(X),(X),(X),597,2.2,5.9,5.9,10.6,15.2,11.4,15.6,19.8,3.7,9.9,73194,90602,(X),(X),20.1
1400000US08031004301,"Census Tract 43.01, Denver County, Colorado",2797,12.5,5,7.8,11.3,23.1,12.3,8.5,9,1.5,8.9,45274,69319,17.3,(X),(X),740,5.7,0,2.3,10,23.1,7.3,8.9,23.6,1.8,17.3,76765,108994,(X),18.6,(X),492,2,0,3.5,11,12.8,7.7,10,24.4,2.6,26,108250,N,(X),(X),(X),2057,15,6.9,9.7,12.7,22.1,14.1,8.4,3.8,1.4,5.9,40943,54848,(X),(X),16.8
1400000US08031004302,"Census Tract 43.02, Denver County, Colorado",1217,4.8,6,1.6,5,8.1,17.7,20.1,24.4,4.4,7.8,83902,98207,20.5,(X),(X),560,0,0.5,1.6,5.5,10.4,17,21.8,23.4,7.5,12.3,89219,121819,(X),19.8,(X),464,0,0,0,2.8,10.1,20.5,16.4,26.3,9.1,14.9,100313,N,(X),(X),(X),657,9,10.7,1.7,6.2,6.1,18.3,20.5,23.6,0,4,66458,74664,(X),(X),21
1400000US08031004303,"Census Tract 43.03, Denver County, Colorado",1582,2.3,0.4,0.9,2.5,6.2,8,10.3,18.8,9.2,41.4,153750,297533,23.4,(X),(X),1184,2.4,0,0,2.6,4.6,6,8.3,19.1,9,48.1,190556,310032,(X),22.8,(X),996,0,0,0,0.8,4.5,4.3,7.1,18,10.6,54.6,220565,N,(X),(X),(X),398,2,1.8,3.5,2.3,11.1,16.6,13.6,20.4,10.1,18.8,94500,257705,(X),(X),25.1
1400000US08031004304,"Census Tract 43.04, Denver County, Colorado",2809,5.2,4.4,6.9,7,8.3,12,14.3,21.7,7.9,12.3,78359,101726,23.8,(X),(X),1395,0.6,4.7,3.7,4.5,4.3,10.7,16.1,22.7,13.8,18.9,103750,130175,(X),28.9,(X),1115,0,5.9,0,2.5,3.6,9.1,15.9,23.9,15.5,23.6,116148,N,(X),(X),(X),1414,9.8,4.1,10,9.5,12.2,13.2,12.5,21.1,2.1,5.4,56296,73331,(X),(X),18.8
1400000US08031004306,"Census Tract 43.06, Denver County, Colorado",2285,3.9,2.6,6.4,7.7,9.7,18.2,10.6,15,5.2,20.7,85391,127439,21,(X),(X),1233,0,2.2,3.6,2.3,3.6,23.1,9.8,14.2,9.6,31.5,121513,169371,(X),16.5,(X),1050,0,2.6,3,2.7,2.1,19.2,10.2,13.5,9.7,37,134583,N,(X),(X),(X),1052,8.6,3,9.6,14.1,16.7,12.4,11.6,16,1.6,6.5,47102,77366,(X),(X),26.2
1400000US08031004403,"Census Tract 44.03, Denver County, Colorado",1646,7.7,4.9,14.8,9.2,15.9,22.5,10.4,10.6,2.4,1.7,47089,57819,26.9,(X),(X),847,9.7,9.6,15.7,5.3,13.5,19.1,7.6,13.8,2.5,3.3,46193,62391,(X),30.7,(X),500,1.2,11.6,14.6,3,14.8,18.8,8.6,17.6,4.2,5.6,59167,N,(X),(X),(X),799,8.1,2.8,14.8,12.3,18.4,26.5,11.9,5.3,0,0,45528,46714,(X),(X),20.3
1400000US08031004404,"Census Tract 44.04, Denver County, Colorado",2427,16.7,6.6,15.1,9.3,17.1,14.5,10.8,6.6,3,0.5,37679,46689,22.2,(X),(X),1219,15.6,11.2,18.8,3.3,21.2,13.3,8.3,5.3,2.1,0.9,36394,43570,(X),19.9,(X),759,8,4.9,12,3.6,32.4,15.7,13.3,5.3,3.4,1.4,44760,N,(X),(X),(X),1208,19,2.7,14.2,11.5,11.9,15.6,13.2,7.9,3.9,0,39239,48972,(X),(X),23.8
1400000US08031004405,"Census Tract 44.05, Denver County, Colorado",3854,6.7,3,9.9,5.4,9.4,14.5,12.5,11.1,13.9,13.6,76029,110451,21.4,(X),(X),1971,6.1,1.9,6.1,4.1,4.6,10.8,13.5,13.8,17.1,22,109803,144441,(X),21.9,(X),1542,0,2.4,3.9,4.4,3.4,11.5,13.7,14.3,20.7,25.7,130000,N,(X),(X),(X),1883,7.3,4.1,15.6,6.7,14.5,18.8,13.1,7.2,9.6,3,53347,70720,(X),(X),19.4
1400000US08031004503,"Census Tract 45.03, Denver County, Colorado",1254,10.8,5.5,24.4,16,15.9,10,12.3,3.9,0.3,0.9,29384,42982,28,(X),(X),902,5.8,5.3,28,15.7,13,11,16.1,3.9,0,1.2,28885,44863,(X),33.3,(X),602,0,8,26.9,20.4,6.8,9.1,21.1,5.8,0,1.8,29076,N,(X),(X),(X),352,23.6,6,27,4.8,25.3,12.2,0,0,1.1,0,19914,29131,(X),(X),14.5
1400000US08031004504,"Census Tract 45.04, Denver County, Colorado",1084,8.1,16.9,13.1,15.4,22,14.4,4.2,3,1.9,0.9,33855,41529,26.9,(X),(X),796,9.2,13.7,2.8,19.6,25.4,15.7,5.8,4,2.6,1.3,39186,48104,(X),26.1,(X),474,1.1,2.1,3.2,27.8,24.1,24.3,7.8,3.2,4.4,2.1,42461,N,(X),(X),(X),288,14.9,19.1,41.7,3.8,9.7,10.8,0,0,0,0,16742,21348,(X),(X),26
1400000US08031004505,"Census Tract 45.05, Denver County, Colorado",1255,14.7,9.2,23.9,11.2,29.7,10,0.7,0,0,0.5,27629,30394,21.1,(X),(X),965,11.5,6.7,30.4,12.6,29.1,8.1,0.9,0,0,0.6,25993,30646,(X),16.1,(X),522,0,6.3,42.7,13,28.7,6.3,1.7,0,0,1.1,25446,N,(X),(X),(X),290,31,17.6,9.7,6.6,26.2,9,0,0,0,0,16250,24057,(X),(X),30.7
1400000US08031004506,"Census Tract 45.06, Denver County, Colorado",975,14.3,11.4,21.8,7.5,13.5,20.1,3.5,7.4,0,0.5,26856,41176,32.3,(X),(X),792,9.1,9,25.1,5.6,13.3,24.9,4.3,8.2,0,0.6,36136,45566,(X),34,(X),434,3.9,4.8,20.3,3.5,11.3,39.4,6.5,9.2,0,1.2,50888,N,(X),(X),(X),183,36.6,21.9,7.7,18,12.6,3.3,0,0,0,0,12450,20099,(X),(X),25.1
1400000US08031004601,"Census Tract 46.01, Denver County, Colorado",1868,3.9,4.9,9.9,12.2,26.1,19.9,10.5,8.8,3.2,0.5,44805,55702,29.8,(X),(X),1336,3.6,1.6,15.6,11.3,21.3,18.7,12.6,10,4.5,0.7,46615,59172,(X),31.3,(X),802,1.1,2.7,6.1,9.7,18,19.6,20,14.1,7.5,1.2,61429,N,(X),(X),(X),532,9.4,13.2,4.9,12.4,37,13,6.4,3.8,0,0,37857,39719,(X),(X),23.9
1400000US08031004602,"Census Tract 46.02, Denver County, Colorado",2229,6.6,6,13.3,14.6,21.3,15.8,15.7,6,0.8,0,41260,49437,32.4,(X),(X),1645,4.3,5.2,12.5,15.4,26.1,15.6,13.7,7.1,0,0,42149,49800,(X),31.9,(X),1040,4,1.7,9.9,15.1,25.5,17.2,15.4,11.2,0,0,45746,N,(X),(X),(X),584,18.8,8,20.2,15.6,9.4,13.4,11.6,2.9,0,0,25944,35143,(X),(X),22.4
1400000US08031004603,"Census Tract 46.03, Denver County, Colorado",1991,9.3,6.9,10,10.1,17.5,24,13.7,8,0.5,0,44445,50378,26,(X),(X),1296,7.8,7.2,8.6,6.6,21.5,22.6,15.4,10.3,0,0,48036,53411,(X),26.5,(X),748,3.1,4.1,8.8,4,22.9,23.1,18.4,15.5,0,0,56066,N,(X),(X),(X),695,12.1,10.1,17.3,14.8,12.2,21.2,7.3,3.6,1.4,0,31650,40522,(X),(X),24.9
1400000US08031004700,"Census Tract 47, Denver County, Colorado",2168,5.8,3.9,9.7,14.4,17.1,22.4,18.3,5,2.4,1,49275,57011,31.5,(X),(X),1544,5.1,5.4,10.8,11.7,17,22.3,18.3,6.1,3.4,0,52544,56634,(X),36.5,(X),931,4.4,2.7,3.9,15.6,18.5,22,17.3,10.1,5.6,0,57386,N,(X),(X),(X),624,7.4,0,7.2,23.4,17.5,26,16.2,2.4,0,0,44535,50334,(X),(X),15.7
1400000US08031004801,"Census Tract 48.01, Denver County, Colorado",1060,6.7,3.2,13.4,3.3,12.5,22.6,12.5,23.1,1.5,1.1,60975,67796,20.7,(X),(X),778,9.9,1.9,3.2,4.2,9.5,25.2,12.6,29.8,2.1,1.5,68286,75690,(X),21.5,(X),588,3.4,1.5,3.2,2.9,7.3,29.8,11.6,35.5,2.7,2,75982,N,(X),(X),(X),282,3.5,6.7,35.8,6.4,15.2,15.6,12.1,4.6,0,0,33250,43994,(X),(X),12.8
1400000US08031005001,"Census Tract 50.01, Denver County, Colorado",1101,5.3,4.6,8.1,11.7,17.3,16.3,16.4,13.6,4.8,1.7,56182,68531,15.7,(X),(X),672,2.1,4.5,5.2,13.4,22.9,9.8,15.6,17.7,6,2.8,59306,76741,(X),20.7,(X),512,1.8,3.7,2.9,10.4,25.8,10.2,13.1,20.7,7.8,3.7,61667,N,(X),(X),(X),429,12.4,4.9,12.6,9.1,8.6,26.6,15.6,7.2,3,0,51750,54048,(X),(X),7.9
1400000US08031005002,"Census Tract 50.02, Denver County, Colorado",3363,14.2,6.2,10.1,16.6,16.8,12.4,6,10,1.8,5.8,36567,61565,30.2,(X),(X),1676,9.5,5.7,5.3,19.2,13.1,15,3.9,12.8,4,11.3,47386,84573,(X),27.2,(X),1164,4.5,3.8,4,11.5,15,18.3,5.7,18.4,5.2,13.6,61639,N,(X),(X),(X),1687,21.5,6.7,14.9,13.5,19.5,9.5,8.1,6.2,0,0,29947,36827,(X),(X),29.5
1400000US08031005102,"Census Tract 51.02, Denver County, Colorado",1513,1.2,1.3,11,9.8,19.4,15.3,16.5,17.8,6.3,1.4,61713,73581,19.2,(X),(X),869,1.5,0.9,7.9,6.4,17.5,15.8,11.6,27.5,8.4,2.4,74922,85852,(X),20.9,(X),607,1.3,1.3,6.3,3,14,13.7,13.5,33.4,12,1.5,95398,N,(X),(X),(X),644,1.6,1.7,15.1,14.4,24.1,15.7,20,4.8,2.6,0,46132,54446,(X),(X),16.8
1400000US08031005104,"Census Tract 51.04, Denver County, Colorado",1481,10.7,6.5,16.6,12.6,17.6,12.8,7.4,7.8,2.3,5.9,39366,67834,25.4,(X),(X),806,9.3,5.6,13.6,7.3,16.9,12.8,10.5,11.7,2.4,9.9,48036,89554,(X),28.7,(X),595,6.9,7.6,15.3,0.8,14.1,10.8,13.1,15.8,3.2,12.4,51458,N,(X),(X),(X),675,12.3,9.6,22.5,18.8,16,10.7,3.7,3.1,2.2,1,28705,40525,(X),(X),21.5
1400000US08031005200,"Census Tract 52, Denver County, Colorado",1353,5.8,0.6,7.3,8.1,10.3,13,18.1,18.6,14.3,4,81645,89259,25.5,(X),(X),876,8.1,0,5.4,3.1,9.8,10.4,14.3,23.4,19.4,6.2,98500,102572,(X),22.5,(X),652,4.8,0,4.6,0,3.7,11,14.1,27.5,26.1,8.3,108281,N,(X),(X),(X),477,1.5,1.7,10.9,19.1,11.1,16.1,25.2,9.6,4.8,0,59375,63816,(X),(X),24.5
1400000US08031005300,"Census Tract 53, Denver County, Colorado",646,5.6,5.7,20.6,13.9,9.3,15.6,9.8,10.4,4.8,4.3,40588,64971,20.6,(X),(X),321,5.9,4,3.7,19,14.3,15,11.5,12.5,6.9,7.2,51696,83045,(X),28,(X),214,0,0,5.6,22,5.6,21.5,8.9,18.7,7,10.7,72727,N,(X),(X),(X),325,5.2,7.4,37.2,10.2,12.9,7.7,10.2,4.9,2.8,1.5,25313,44066,(X),(X),13.2
1400000US08031005502,"Census Tract 55.02, Denver County, Colorado",554,4,1.3,3.6,6.3,20.6,21.1,25.5,13.5,2.7,1.4,70676,73981,19.3,(X),(X),411,0,0,3.6,5.1,32.4,17.3,20.7,15.3,3.6,1.9,65104,76964,(X),21.2,(X),224,0,0,0,1.8,12.9,26.3,26.8,21.9,6.7,3.6,85870,N,(X),(X),(X),143,15.4,4.9,3.5,9.8,31.5,10.5,19.6,4.9,0,0,45966,46785,(X),(X),14
1400000US08031005503,"Census Tract 55.03, Denver County, Colorado",1792,9.3,2,8.1,8.4,12.2,19.8,14.3,16.5,6.2,3.2,61534,72561,23.3,(X),(X),1239,6.7,1.3,8.2,7.5,10.4,22.3,14.9,19.1,7.3,2.2,68984,77067,(X),24.9,(X),926,3.5,0.8,5.1,6.3,12.9,17.6,17.6,23.7,9.8,2.9,80500,N,(X),(X),(X),553,15,3.6,7.8,15.2,16.1,14.3,8.3,10.7,3.6,5.4,39240,59581,(X),(X),19.9
1400000US08031006701,"Census Tract 67.01, Denver County, Colorado",1728,4.8,1.6,4.5,10.6,16.7,21.6,15.5,17.2,2.8,4.5,60429,74667,23.1,(X),(X),423,3.8,0,2.1,5.4,13.7,19.6,11.3,32.4,7.1,4.5,89028,89603,(X),25.5,(X),272,0,0,3.3,4.8,5.9,12.9,14.3,44.1,7.7,7,107829,N,(X),(X),(X),1305,5.1,2.1,5.3,12.3,17.7,23.2,15.9,12.3,1.5,4.4,58007,69690,(X),(X),22.4
1400000US08031006804,"Census Tract 68.04, Denver County, Colorado",1255,2.2,3.5,5.5,1,13.7,18.6,14.8,21.2,7.4,12,84358,118830,28.4,(X),(X),544,0,0,6.6,0.7,5.9,8.8,15.3,35.8,8.5,18.4,108468,139664,(X),28.1,(X),459,0,0,2.2,0.9,2.2,10.5,13.9,41,7.6,21.8,120625,N,(X),(X),(X),711,3.8,6.2,6.9,1.3,21.1,24.8,14.5,7.7,6.6,7.2,61811,100533,(X),(X),26.4
1400000US08031006809,"Census Tract 68.09, Denver County, Colorado",3530,6.1,2.7,7,12.9,15.6,17.2,11.1,5.5,13.7,8.3,52896,92170,22.2,(X),(X),1604,2,0.8,4.8,0.9,14.5,10.8,15.1,11.3,27.6,12.1,107738,128405,(X),22.3,(X),1360,0.7,1,4.6,1,5.7,11.1,16.8,12.4,32.6,14.3,128452,N,(X),(X),(X),1926,9.4,4.4,8.8,22.8,16.6,22.5,7.7,0.6,2,5.1,37417,61993,(X),(X),22.2
1400000US08031006810,"Census Tract 68.10, Denver County, Colorado",2554,2.9,1.1,10.4,13.2,14.4,15.9,17.3,13.7,7,4.1,62885,76443,21.5,(X),(X),1327,2,0,1.7,11.6,16.2,15.8,17.8,14.9,13.6,6.3,80028,94709,(X),21,(X),1104,1.9,0,0,9.9,13.8,12,21.4,17.2,16.3,7.6,89375,N,(X),(X),(X),1227,3.9,2.3,19.8,14.8,12.4,16,16.8,12.4,0,1.6,43867,56668,(X),(X),22.1
1400000US08031006811,"Census Tract 68.11, Denver County, Colorado",3135,3.1,7.6,8.7,12.4,12.6,22.3,9.2,13.1,6.6,4.5,56150,73070,28.7,(X),(X),1356,2.8,2.4,0.9,2.1,9.1,28.1,10.5,23.9,10.8,9.6,84917,104698,(X),27.6,(X),1031,1.1,3.1,0,1.3,3.2,29,13.8,24.1,11.9,12.6,91767,N,(X),(X),(X),1779,4,11.6,15.3,21.1,17.4,18.4,3.4,4.9,3.4,0.6,33591,46157,(X),(X),28.8
1400000US08031006812,"Census Tract 68.12, Denver County, Colorado",1728,3.3,5.8,17.3,12.1,16.8,12.4,13.6,7.5,6.4,4.7,42226,71335,19.7,(X),(X),719,0,1.5,6.4,11.1,14,12.2,22.3,11.4,10.4,10.6,82250,106536,(X),18.6,(X),520,0,0,6.3,5.4,13.8,10,22.9,13.5,14.4,13.7,87262,N,(X),(X),(X),1009,5.6,8.8,25.1,12.8,19.6,12.6,7.4,4,3.5,0.6,30912,45309,(X),(X),20.5
1400000US08031006813,"Census Tract 68.13, Denver County, Colorado",2370,8.5,7.4,20.4,11.9,19.2,15.9,6.3,8.5,0.6,1.2,36075,46700,23.7,(X),(X),823,5.7,5.2,22.8,10.9,23.9,7.8,12.9,8.6,0,2.1,36813,50412,(X),30.5,(X),495,0,0,18,6.9,33.5,9.9,18,10.3,0,3.4,45938,N,(X),(X),(X),1547,10,11.3,19.1,12.4,17.2,19.8,0,8.4,1,0.8,32909,42564,(X),(X),17.3
1400000US08031006814,"Census Tract 68.14, Denver County, Colorado",2009,6.8,4.3,10,14.4,20.1,15.1,10,7.5,6.7,5.3,44375,71036,23.8,(X),(X),1170,7.3,0,12.5,4.7,27.3,12.9,7.9,12.8,6.9,7.8,49020,81096,(X),19.9,(X),840,4.8,0,1.8,6.5,25.5,16.9,11,17.3,5.5,10.8,61810,N,(X),(X),(X),839,6.1,10.3,10.7,23.6,10,18.1,13,1.9,6.3,0,34725,52163,(X),(X),27.5
1400000US08031006901,"Census Tract 69.01, Denver County, Colorado",2626,12.6,8.2,17.7,26.6,12.4,8.6,6.1,4.5,2.4,0.9,28613,40605,24.9,(X),(X),945,15.4,8.7,9.6,22.8,10.7,9.6,5.5,8.5,6.7,2.5,33463,53163,(X),11.2,(X),482,2.5,0,6.6,16.2,18,12.9,9.1,16.6,13.1,5,61875,N,(X),(X),(X),1681,14.5,10.8,22.8,23.1,12.8,8,5.8,2.3,0,0,25813,31821,(X),(X),25.8
1400000US08031007006,"Census Tract 70.06, Denver County, Colorado",2324,10.1,11.2,20.4,17.2,16.6,11,7.4,5.1,1.1,0,29847,38427,20.7,(X),(X),885,6.3,10.4,28.5,12.7,11.4,15.3,9.6,2.9,2.9,0,30148,41090,(X),32.4,(X),502,0,0,21.5,12.2,16.5,26.9,12.5,5.2,5.2,0,49904,N,(X),(X),(X),1439,12.4,13.5,16.5,21.4,16.8,8.3,4.7,6.5,0,0,27125,35327,(X),(X),13.5
1400000US08031007013,"Census Tract 70.13, Denver County, Colorado",1851,6.5,0.4,7.7,11.9,18.3,17.8,15.3,17.3,1.7,3.2,56332,68886,19.4,(X),(X),744,2.8,0.9,3.1,8.3,20.2,14.2,21.9,20.7,1.5,6.3,75203,82763,(X),25.4,(X),540,1.7,1.3,0,9.4,21.9,12,20,23,2,8.7,83750,N,(X),(X),(X),1107,10,0,11.3,13.3,17.1,20.1,10.8,14.5,1.8,1.1,46472,58368,(X),(X),15
1400000US08031007037,"Census Tract 70.37, Denver County, Colorado",1695,10.9,5.5,20.9,13.3,21.1,12.7,6.2,5.7,2.4,1.4,34010,46862,33.3,(X),(X),825,9.2,8.6,25,6.9,20.2,11.6,7.3,5.3,2.9,2.9,35118,53520,(X),37.1,(X),411,5.1,8.3,20.4,5.8,11.7,13.6,13.1,10.7,5.4,5.8,46583,N,(X),(X),(X),870,13.4,2.5,21,19.2,17,14.9,5.9,4.8,1.1,0,31111,38265,(X),(X),27.7
1400000US08031007088,"Census Tract 70.88, Denver County, Colorado",2422,9.6,5.2,6.5,15.2,10.5,20.9,15.9,7.5,3.2,5.6,53359,67647,20.6,(X),(X),934,10.9,3.6,5.6,10.7,5,21,19.7,7.4,8.4,7.7,70112,76336,(X),21.6,(X),634,4.7,0,5.4,14.4,1.3,21.6,18.1,10.9,12.3,11.4,76932,N,(X),(X),(X),1488,10.8,6.1,7.1,17.9,16.1,16.7,13.4,7.6,0,4.3,40938,61084,(X),(X),20
1400000US08031007089,"Census Tract 70.89, Denver County, Colorado",3366,7.8,11.8,27.2,15.9,16.2,12.5,2.8,4.7,0.8,0.4,26652,37123,24.2,(X),(X),869,1.5,2,21.7,20.5,17.4,20.5,7.4,4.3,3.2,1.6,36838,53733,(X),23.4,(X),550,2.4,2.5,17.8,23.5,17.3,17.8,4.4,6.7,5.1,2.5,37019,N,(X),(X),(X),2497,9.9,15.2,29.1,14.3,15.8,9.7,1.2,4.8,0,0,23304,31343,(X),(X),24.5
1400000US08031008304,"Census Tract 83.04, Denver County, Colorado",884,5.4,3.6,9.8,15,30.3,15.2,12.7,7.5,0.5,0,42143,49877,61.8,(X),(X),763,5.5,4.7,11.5,9.2,32.8,18,13.1,4.7,0.5,0,43040,48295,(X),63.8,(X),477,0,2.1,8,10.7,44.7,17,13,3.8,0.8,0,43665,N,(X),(X),(X),121,5,2.5,2.5,46.3,14.9,19.8,0,9.1,0,0,32107,48471,(X),(X),45.5
1400000US08031008305,"Census Tract 83.05, Denver County, Colorado",981,11.9,2.8,6.4,22,16.2,21.4,12.3,5.2,1.7,0,41964,48665,54,(X),(X),832,13.5,2.3,11.4,23.7,11.9,18.8,11.3,6.1,1.1,0,34551,46053,(X),54,(X),498,12,0,5.8,20.1,13.5,21.9,16.9,8.8,1,0,47222,N,(X),(X),(X),149,12.8,5.4,16.1,12.8,13.4,28.9,5.4,0,5.4,0,41607,43833,(X),(X),36.2
1400000US08031008306,"Census Tract 83.06, Denver County, Colorado",1698,10.2,6.4,15.8,15.2,15.8,16.5,14.5,3.8,0,1.6,38333,46713,50.8,(X),(X),1343,13.8,7.1,15.7,13.5,16.5,14.3,14.4,2.8,0,2,34946,44697,(X),46.8,(X),847,8.4,1.8,9.8,15.8,22.9,15.9,17.8,4.4,0,3.2,45859,N,(X),(X),(X),355,5.9,11.8,20.8,26.2,9.6,13,12.7,0,0,0,32949,37926,(X),(X),53.5
1400000US08031008312,"Census Tract 83.12, Denver County, Colorado",2088,10.3,6.9,10.7,13.3,22.5,19,7.4,6.5,3.3,0.2,40872,50358,44.6,(X),(X),1487,15,4.2,10.8,12.7,25.8,16.7,5.7,5,3.8,0.3,39523,48216,(X),44.7,(X),824,10.2,0,12,10.7,26.3,18.3,7.8,7.3,6.9,0.5,44122,N,(X),(X),(X),601,10.5,12.1,15.8,12.6,12.8,12.8,11.5,10,1.8,0,32969,47372,(X),(X),44.3
1400000US08031008386,"Census Tract 83.86, Denver County, Colorado",1099,1.3,2.2,10.2,17.2,18.5,33.4,7.6,9.6,0,0,50177,54819,49.3,(X),(X),951,1.5,0,9.8,17,19.3,32.4,8.8,11.1,0,0,50639,57201,(X),50.7,(X),685,0,0,8.5,19.9,21,26.9,12,11.8,0,0,50489,N,(X),(X),(X),148,0,16.2,12.8,18.2,30.4,22.3,0,0,0,0,35833,35472,(X),(X),40.5
1400000US08031008387,"Census Tract 83.87, Denver County, Colorado",1586,3.6,3.3,11.5,10.7,18.4,22.7,19.7,6.8,1.8,1.3,51610,58896,51.2,(X),(X),1292,3.7,2.9,13.9,10,18.3,21.3,20.7,5.3,2.2,1.6,50605,58886,(X),54,(X),980,0,2.2,12.3,11,17.9,20,24.5,6.9,3,2.1,54783,N,(X),(X),(X),294,3.1,10.5,3.4,18.7,16.3,34,8.8,5.1,0,0,49063,49380,(X),(X),34.7
1400000US08031008388,"Census Tract 83.88, Denver County, Colorado",2662,3.8,0,6.4,10.3,16.4,24.6,24.4,10.2,1.5,2.4,56082,70779,46.8,(X),(X),1566,2,0,7.7,8.6,23.5,22.9,23.5,9.4,1.8,0.8,53590,67884,(X),47.8,(X),1019,1.5,0,1.6,8.5,21.7,23.9,29,9.8,2.7,1.2,56521,N,(X),(X),(X),1096,7.8,0,4.6,12.9,10.9,24.5,22.3,11.5,1,4.7,56964,71804,(X),(X),41.9
1400000US08031008389,"Census Tract 83.89, Denver County, Colorado",2505,1.4,0.5,0.4,7.3,8.5,26.2,20.2,22.1,13.4,0,83672,88221,43.5,(X),(X),2089,1.7,0,0.5,6.3,10.9,22.7,20.4,23,14.6,0,86906,89965,(X),40,(X),1481,0,0,0.7,1.9,15.3,24,22.6,23.9,11.5,0,86969,N,(X),(X),(X),416,0,3.1,0,12,6.7,39.7,13.2,17.8,7.5,0,71713,76511,(X),(X),55
1400000US08031008390,"Census Tract 83.90, Denver County, Colorado",2740,7.6,2.4,7,10.9,11.4,22.3,18.4,15.8,3.4,0.8,58879,64189,28.9,(X),(X),2236,7.2,2,7.2,12.3,11.3,22.6,18.5,16.1,2.4,0.4,58712,62293,(X),29.6,(X),1455,2.5,2,5.6,4.2,15.6,22.6,20.8,23.5,2.7,0.5,72660,N,(X),(X),(X),504,9.3,4.4,6,4.8,14.5,25.8,10.7,14.1,7.9,2.6,56587,69308,(X),(X),17.7
1400000US08031008391,"Census Tract 83.91, Denver County, Colorado",2357,0,0.8,3,5.7,17.8,20.4,31.4,12.2,7.3,1.5,77580,82590,23.8,(X),(X),1836,0,1,6.2,5.2,15.2,20.2,31.9,11.8,6.7,2,78056,82439,(X),18,(X),1394,0,0,1.2,2.8,11,23,35.9,14.8,8.8,2.6,88095,N,(X),(X),(X),521,0,0,0,11.9,32.1,30.9,7.7,8.3,9.2,0,50875,70796,(X),(X),37.4
1400000US08031011902,"Census Tract 119.02, Denver County, Colorado",2812,1.8,3.7,8.4,14.6,16.5,21,12.2,16.1,4.3,1.4,57024,69134,27.5,(X),(X),1815,3.2,1.2,6.6,13.4,13.2,17.2,14.8,21.5,6.7,2.2,73171,81038,(X),33.9,(X),1451,0,1.5,7.2,11,6,17.8,18.5,26.9,8.3,2.8,82440,N,(X),(X),(X),997,1.1,8.2,11.6,18.2,20.8,26.4,7.5,6.2,0,0,42846,46433,(X),(X),15.6
1400000US08031011903,"Census Tract 119.03, Denver County, Colorado",941,4.1,5.6,10.5,7.8,14.7,27.1,12.8,10.8,3.6,3,57946,65928,34.1,(X),(X),609,4.1,1.8,8.4,6.9,14.1,30.9,10,15.1,5.6,3.1,62303,72424,(X),29.2,(X),479,1.3,2.3,9.6,7.7,11.9,26.9,12.7,16.5,7.1,4,65040,N,(X),(X),(X),332,4.2,12.7,14.5,9.3,20.5,16.9,17.8,1.5,0,2.7,43000,50263,(X),(X),27.7
1400000US08031012001,"Census Tract 120.01, Denver County, Colorado",959,7.5,4.6,8,9.5,11.3,13,5.7,18,9.1,13.2,65938,110296,30.9,(X),(X),612,3.4,3.3,5.1,5.7,7.5,9.8,9.3,22.2,14.2,19.4,112969,147266,(X),30.4,(X),515,0.6,3.9,1.7,4.9,8.3,9.3,8,25,15.1,23.1,130759,N,(X),(X),(X),347,14.7,6.9,13.3,19,17.9,15.9,1.2,8.9,0,2.3,31369,42739,(X),(X),25.1
1400000US08031012010,"Census Tract 120.10, Denver County, Colorado",2359,5.2,1.5,8.2,8.9,10.9,23.7,11.1,17,8.1,5.3,58836,79804,17.4,(X),(X),1246,1.6,0,1.5,2.3,8.9,22.3,12.8,25,15.3,10.1,101500,109931,(X),16.1,(X),1020,0,0,0,0,9.4,21.1,12.2,27.5,18.7,11.2,115096,N,(X),(X),(X),1113,9.3,3.1,17.4,16.2,11.5,25.3,9.1,8.1,0,0,43162,45711,(X),(X),18.9
1400000US08031012014,"Census Tract 120.14, Denver County, Colorado",2860,2.2,3.9,8.6,11.7,14.2,25.7,18.5,10.3,3.5,1.4,59035,69303,22,(X),(X),1447,2.5,2.1,7.5,10.6,5.8,22.1,25,16.3,6.3,1.9,74677,81486,(X),21.9,(X),1123,0,1.3,4.7,6.1,4.9,24.8,27.8,19.9,8.1,2.4,83724,N,(X),(X),(X),1413,4.5,6.8,8.8,15.4,21.7,27.8,11.8,1.6,0.6,1,44250,53243,(X),(X),22.2
1400000US08031015300,"Census Tract 153, Denver County, Colorado",2144,9,9,11.6,12,15.3,18.7,12.7,9.2,0.4,2.1,42388,54223,20.5,(X),(X),601,4.3,2.3,3,9.8,10,23,33.9,8.7,1.3,3.7,59727,74740,(X),25.8,(X),402,1.7,0,2.2,14.7,10.4,30.8,22.4,10.2,2,5.5,59160,N,(X),(X),(X),1543,12,11.6,15.6,12.8,16.8,15.8,4.4,9.5,0,1.6,32882,45511,(X),(X),17.9
1400000US08031015400,"Census Tract 154, Denver County, Colorado",1681,3.8,4.6,11.8,11.4,15.8,14,15.9,16.5,2.7,3.5,52132,67438,21.9,(X),(X),820,0,4.3,13.9,5.6,10.5,11.2,17.4,26.8,4.4,5.9,79375,84599,(X),16.1,(X),541,0,0,5,6.8,3.9,13.9,20,34.9,6.7,8.9,100781,N,(X),(X),(X),861,7.4,5,13.4,14.4,20.8,15.7,14.5,6.6,1,1.2,43463,50244,(X),(X),23.8
1400000US08031015500,"Census Tract 155, Denver County, Colorado",1744,8.9,9.2,11.8,21,18.1,17.6,6.3,6.1,0.8,0,34559,42688,27.9,(X),(X),609,5.4,2.3,18.2,21.7,12.5,22.7,5.6,9.4,2.3,0,40740,50009,(X),23.3,(X),424,5.9,0,14.6,16.3,10.4,28.1,8,13.4,3.3,0,53138,N,(X),(X),(X),1135,10.8,13,9.1,21.6,21.1,14.9,5.1,4.4,0,0,33170,37829,(X),(X),30.4
1400000US08031015600,"Census Tract 156, Denver County, Colorado",2124,17.1,11.9,18.3,14.4,14.3,14.6,4.5,1.8,1.9,1.3,26480,39131,24.2,(X),(X),1321,13,6.7,18.2,16.5,18.8,17.6,5.1,1.1,1,2,29247,43726,(X),21,(X),811,7.6,3.2,15.2,15.8,24,27.9,1.1,1.8,0,3.3,41104,N,(X),(X),(X),803,25,20.3,18.4,9.7,11,5.7,3.5,2.9,3.5,0,16250,29793,(X),(X),29.5
1400000US08031015700,"Census Tract 157, Denver County, Colorado",2064,11.9,6.1,8.3,15.6,18.2,12.9,12.1,9.4,3.4,2.1,41432,55379,25.8,(X),(X),1272,2.8,2.4,8.5,13.3,21.6,10.5,20.8,11.2,5.5,3.4,51635,69249,(X),25.4,(X),793,0,0,6.1,8.2,16.8,10.8,29.4,14.5,8.8,5.4,78920,N,(X),(X),(X),792,26.5,11.9,8,19.3,12.8,16.8,0,4.8,0,0,25873,32231,(X),(X),26.4
1400000US08031980000,"Census Tract 9800, Denver County, Colorado",503,4.4,12.1,9.1,6,25.4,25.6,7,5.2,0,5.2,47936,55675,21.7,(X),(X),296,1.7,12.2,13.5,4.1,11.8,36.5,9.5,2,0,8.8,54500,63115,(X),32.4,(X),162,3.1,0,19.8,3.7,4.3,36.4,13,3.7,0,16,66528,N,(X),(X),(X),207,8.2,12.1,2.9,8.7,46.4,8.7,3.4,9.7,0,0,44196,44820,(X),(X),6.3
1400000US08031980100,"Census Tract 9801, Denver County, Colorado",0,-,-,-,-,-,-,-,-,-,-,-,-,-,(X),(X),0,-,-,-,-,-,-,-,-,-,-,-,-,(X),-,(X),0,-,-,-,-,-,-,-,-,-,-,-,-,(X),(X),(X),0,-,-,-,-,-,-,-,-,-,-,-,-,(X),(X),-
