RegionID,RegionName,SizeRank,2014-01,2014-02,2014-03,2014-04,2014-05,2014-06,2014-07,2014-08,2014-09,2014-10,2014-11,2014-12,2015-01,2015-02,2015-03,2015-04,2015-05,2015-06,2015-07,2015-08,2015-09,2015-10,2015-11,2015-12,2016-01,2016-02,2016-03,2016-04,2016-05,2016-06,2016-07,2016-08,2016-09,2016-10,2016-11,2016-12,2017-01,2017-02,2017-03,2017-04,2017-05,2017-06,2017-07,2017-08,2017-09,2017-10,2017-11,2017-12,2018-01,2018-02,2018-03,2018-04,2018-05,2018-06,2018-07,2018-08,2018-09,2018-10,2018-11,2018-12,2019-01,2019-02,2019-03,2019-04,2019-05,2019-06,2019-07,2019-08,2019-09,2019-10,2019-11,2019-12,2020-01,2020-02,2020-03,2020-04,2020-05,2020-06,2020-07,2020-08,2020-09,2020-10,2020-11,2020-12,2021-01,2021-02,2021-03,2021-04,2021-05,2021-06,2021-07,2021-08,2021-09,2021-10,2021-11,2021-12,2022-01
102001,United States,0,1294,1299,1305,1310,1315,1321,1326,1331,1337,1342,1347,1353,1358,1363,1368,1374,1379,1384,1389,1394,1399,1404,1409,1414,1419,1423,1428,1432,1436,1440,1444,1448,1452,1456,1459,1463,1467,1471,1475,1479,1483,1487,1491,1496,1500,1504,1508,1512,1516,1521,1525,1530,1534,1539,1544,1549,1553,1558,1563,1568,1573,1578,1582,1587,1592,1596,1601,1605,1609,1613,1615,1617,1619,1620,1620,1621,1622,1623,1623,1626,1629,1631,1640,1648,1657,1674,1691,1708,1729,1750,1771,1793,1815,1837,1859,1881,1904
394913,"New York, NY",1,2256,2266,2276,2286,2296,2306,2316,2326,2336,2346,2356,2365,2375,2384,2393,2402,2411,2419,2428,2435,2442,2449,2455,2460,2466,2470,2475,2479,2483,2486,2490,2494,2497,2500,2504,2508,2512,2515,2519,2523,2526,2529,2532,2535,2537,2540,2542,2545,2547,2551,2554,2557,2561,2565,2569,2574,2579,2584,2589,2595,2601,2606,2611,2617,2622,2626,2631,2634,2638,2641,2638,2636,2633,2620,2607,2595,2576,2557,2539,2522,2505,2488,2483,2478,2473,2491,2508,2526,2556,2586,2617,2648,2680,2712,2746,2780,2814
753899,"Los Angeles-Long Beach-Anaheim, CA",2,1792,1803,1814,1825,1835,1846,1857,1868,1878,1889,1900,1911,1922,1932,1942,1953,1963,1974,1985,1996,2007,2018,2029,2040,2051,2061,2072,2082,2092,2101,2111,2120,2130,2139,2148,2158,2167,2176,2186,2195,2203,2212,2221,2229,2237,2245,2252,2260,2268,2275,2283,2291,2299,2307,2315,2323,2331,2339,2347,2354,2362,2369,2376,2383,2390,2397,2403,2409,2414,2419,2421,2422,2424,2422,2421,2419,2417,2414,2412,2412,2412,2412,2420,2428,2437,2457,2477,2497,2524,2550,2577,2604,2631,2659,2687,2716,2744
394463,"Chicago, IL",3,1411,1415,1419,1423,1426,1430,1433,1437,1440,1444,1447,1451,1454,1458,1462,1465,1469,1473,1477,1481,1486,1490,1495,1500,1505,1508,1512,1516,1519,1521,1524,1527,1530,1532,1535,1537,1540,1543,1545,1548,1550,1553,1556,1558,1561,1564,1566,1569,1571,1573,1576,1579,1581,1584,1587,1590,1593,1596,1599,1602,1606,1609,1613,1617,1620,1624,1628,1631,1634,1637,1638,1639,1640,1638,1636,1635,1631,1628,1624,1621,1619,1616,1618,1620,1622,1631,1640,1649,1662,1675,1688,1702,1716,1729,1744,1758,1772
394514,"Dallas-Fort Worth, TX",4,1128,1132,1135,1139,1143,1146,1150,1154,1157,1161,1165,1169,1173,1178,1182,1187,1192,1196,1201,1205,1210,1215,1220,1224,1229,1234,1240,1245,1250,1255,1260,1265,1270,1275,1280,1284,1289,1293,1297,1302,1306,1310,1314,1318,1322,1326,1330,1334,1337,1341,1344,1348,1352,1355,1359,1363,1367,1371,1376,1380,1384,1389,1393,1397,1401,1405,1409,1412,1415,1418,1420,1422,1424,1425,1426,1428,1430,1432,1434,1438,1443,1447,1458,1468,1479,1497,1516,1534,1556,1578,1600,1622,1645,1667,1690,1714,1737
394974,"Philadelphia, PA",5,1327,1330,1333,1336,1338,1341,1344,1346,1349,1352,1355,1358,1361,1364,1367,1370,1373,1377,1380,1383,1387,1391,1394,1398,1401,1405,1408,1411,1414,1417,1420,1423,1426,1429,1431,1434,1436,1439,1442,1444,1447,1450,1453,1456,1459,1462,1465,1468,1472,1475,1479,1483,1487,1491,1494,1499,1503,1507,1511,1515,1520,1524,1528,1532,1536,1540,1544,1548,1552,1555,1558,1560,1563,1564,1566,1568,1570,1572,1574,1577,1580,1583,1589,1595,1601,1613,1624,1636,1650,1665,1680,1695,1710,1725,1740,1756,1771
394692,"Houston, TX",6,1169,1176,1183,1190,1196,1203,1209,1215,1222,1228,1234,1239,1244,1248,1252,1255,1258,1261,1264,1266,1269,1271,1273,1274,1275,1275,1276,1276,1276,1275,1275,1274,1273,1273,1273,1272,1272,1273,1275,1276,1279,1282,1285,1289,1293,1297,1301,1305,1309,1313,1316,1320,1322,1324,1327,1328,1330,1332,1334,1335,1337,1339,1341,1343,1345,1347,1349,1350,1352,1354,1354,1354,1354,1354,1354,1353,1353,1353,1353,1354,1355,1357,1363,1369,1375,1387,1399,1411,1425,1439,1453,1467,1481,1496,1510,1525,1540
395209,"Washington, DC",7,1777,1780,1783,1786,1789,1791,1794,1797,1799,1802,1804,1807,1809,1811,1813,1814,1817,1819,1822,1825,1828,1831,1834,1837,1840,1842,1845,1847,1849,1852,1854,1856,1859,1861,1864,1867,1870,1873,1876,1879,1881,1883,1886,1888,1890,1892,1894,1897,1899,1902,1906,1909,1913,1917,1922,1926,1931,1936,1941,1946,1951,1955,1960,1965,1969,1973,1978,1981,1984,1987,1987,1988,1988,1985,1982,1979,1973,1967,1962,1957,1952,1947,1948,1950,1951,1963,1975,1988,2006,2023,2041,2060,2079,2097,2117,2137,2157
394856,"Miami-Fort Lauderdale, FL",8,1568,1576,1584,1591,1599,1607,1614,1622,1630,1637,1645,1653,1661,1669,1677,1685,1693,1701,1709,1716,1724,1732,1738,1745,1751,1756,1761,1766,1769,1772,1776,1778,1781,1784,1787,1789,1792,1796,1799,1803,1806,1810,1814,1818,1821,1825,1829,1834,1838,1842,1846,1851,1855,1860,1864,1868,1873,1877,1882,1886,1890,1894,1898,1902,1906,1910,1915,1919,1923,1928,1931,1934,1937,1939,1942,1945,1948,1952,1955,1964,1972,1981,2001,2021,2041,2078,2115,2152,2199,2246,2293,2341,2390,2438,2488,2538,2588
394347,"Atlanta, GA",9,1076,1080,1084,1087,1091,1095,1099,1103,1107,1111,1116,1120,1125,1130,1135,1140,1145,1150,1154,1160,1165,1170,1176,1181,1187,1193,1199,1205,1211,1217,1223,1229,1235,1240,1246,1252,1257,1263,1269,1275,1280,1286,1292,1298,1304,1310,1316,1322,1329,1335,1341,1347,1354,1361,1368,1375,1382,1389,1396,1403,1410,1417,1423,1430,1435,1441,1447,1451,1456,1461,1465,1468,1472,1476,1481,1485,1491,1497,1504,1514,1524,1534,1552,1569,1587,1613,1639,1665,1693,1722,1750,1779,1808,1837,1866,1896,1925
394404,"Boston, MA",10,2059,2065,2071,2076,2082,2087,2093,2098,2103,2109,2115,2121,2128,2134,2139,2145,2152,2159,2165,2173,2181,2188,2196,2204,2211,2218,2226,2233,2240,2247,2254,2260,2267,2274,2280,2286,2292,2298,2304,2310,2315,2321,2326,2331,2337,2342,2347,2353,2358,2363,2369,2374,2380,2386,2393,2399,2405,2411,2418,2424,2431,2438,2444,2451,2457,2464,2470,2475,2480,2485,2486,2486,2486,2479,2472,2465,2453,2442,2430,2420,2411,2401,2401,2401,2401,2417,2433,2449,2474,2498,2523,2549,2575,2600,2627,2654,2681
395057,"San Francisco, CA",11,2108,2141,2173,2206,2238,2270,2302,2333,2365,2397,2427,2458,2488,2513,2539,2564,2586,2608,2630,2649,2668,2687,2702,2717,2731,2741,2751,2760,2766,2771,2777,2781,2785,2789,2794,2798,2803,2809,2816,2822,2830,2838,2846,2854,2862,2870,2877,2885,2892,2900,2907,2915,2924,2932,2941,2950,2959,2967,2976,2984,2993,3000,3008,3015,3022,3028,3035,3040,3046,3051,3049,3047,3046,3033,3020,3007,2986,2965,2945,2925,2905,2885,2878,2871,2864,2876,2889,2901,2923,2945,2967,2990,3013,3036,3060,3085,3109
394532,"Detroit, MI",12,967,970,972,975,977,980,982,985,987,990,993,995,998,1000,1003,1005,1008,1010,1013,1015,1018,1021,1024,1027,1030,1033,1036,1039,1042,1044,1047,1050,1053,1056,1059,1062,1065,1069,1072,1075,1079,1083,1086,1090,1094,1097,1101,1104,1108,1111,1115,1118,1121,1125,1128,1131,1135,1138,1141,1145,1148,1152,1155,1158,1161,1164,1167,1170,1172,1175,1177,1180,1182,1186,1189,1193,1198,1204,1210,1217,1225,1233,1243,1253,1263,1274,1285,1297,1308,1320,1331,1343,1355,1366,1378,1390,1402
395025,"Riverside, CA",13,1427,1432,1437,1442,1447,1452,1457,1462,1467,1472,1478,1484,1490,1496,1502,1508,1514,1520,1526,1532,1538,1544,1551,1557,1563,1569,1575,1582,1588,1594,1601,1608,1615,1622,1630,1637,1645,1653,1662,1670,1678,1686,1694,1702,1710,1717,1725,1733,1741,1749,1757,1766,1774,1782,1791,1799,1806,1814,1822,1829,1836,1843,1850,1857,1863,1870,1877,1883,1889,1895,1902,1908,1914,1923,1932,1941,1955,1969,1983,2003,2022,2042,2070,2097,2125,2157,2189,2222,2254,2286,2318,2350,2383,2415,2448,2480,2512
394976,"Phoenix, AZ",14,957,961,964,968,972,976,980,984,988,992,996,1001,1006,1011,1016,1021,1026,1032,1037,1042,1047,1052,1057,1061,1066,1071,1076,1081,1086,1090,1095,1100,1104,1109,1114,1119,1124,1129,1134,1139,1144,1149,1154,1160,1165,1171,1177,1183,1189,1196,1203,1210,1217,1225,1232,1240,1248,1256,1264,1272,1280,1289,1297,1305,1313,1322,1330,1339,1347,1355,1361,1368,1375,1382,1389,1396,1405,1414,1423,1435,1448,1461,1482,1503,1524,1554,1584,1614,1647,1680,1712,1746,1779,1812,1846,1879,1913
395078,"Seattle, WA",15,1385,1395,1405,1415,1425,1435,1444,1454,1464,1474,1484,1493,1503,1512,1521,1531,1539,1548,1557,1567,1576,1585,1596,1606,1616,1626,1636,1647,1656,1666,1676,1686,1696,1706,1716,1726,1736,1746,1755,1764,1771,1779,1786,1792,1798,1804,1809,1814,1819,1824,1828,1833,1838,1843,1849,1855,1861,1867,1873,1880,1886,1893,1900,1906,1914,1922,1929,1937,1944,1952,1955,1959,1963,1962,1961,1960,1954,1949,1943,1938,1932,1927,1931,1934,1938,1956,1974,1992,2018,2043,2068,2095,2121,2148,2175,2203,2231
394865,"Minneapolis-St Paul, MN",16,1195,1198,1202,1205,1208,1211,1214,1217,1220,1223,1227,1230,1234,1237,1241,1244,1248,1252,1257,1261,1266,1270,1275,1279,1283,1288,1292,1297,1301,1306,1311,1316,1321,1325,1330,1335,1340,1345,1350,1355,1359,1364,1369,1374,1378,1383,1388,1393,1398,1402,1407,1412,1417,1422,1427,1432,1437,1442,1447,1452,1457,1462,1467,1472,1477,1482,1486,1491,1495,1500,1503,1506,1508,1511,1513,1515,1517,1518,1520,1521,1522,1524,1527,1531,1534,1541,1547,1554,1561,1569,1577,1584,1592,1600,1608,1616,1624
395056,"San Diego, CA",17,1712,1721,1730,1739,1748,1758,1767,1777,1786,1795,1805,1815,1825,1834,1844,1853,1862,1871,1880,1889,1897,1906,1915,1925,1934,1943,1952,1961,1970,1979,1987,1996,2004,2013,2021,2030,2039,2047,2056,2064,2073,2081,2090,2098,2106,2115,2123,2131,2140,2148,2157,2165,2173,2182,2190,2197,2205,2212,2219,2225,2232,2238,2245,2251,2257,2264,2270,2276,2281,2287,2291,2294,2298,2301,2304,2307,2312,2317,2322,2331,2340,2349,2367,2385,2402,2431,2459,2488,2521,2555,2589,2623,2657,2692,2727,2763,2798
395121,"St. Louis, MO",18,904,907,910,913,916,918,921,924,927,930,932,935,937,939,941,943,945,947,949,951,953,955,957,959,961,963,965,967,968,970,972,973,975,977,978,980,982,983,985,987,989,990,992,994,996,998,999,1001,1003,1005,1007,1009,1011,1013,1016,1018,1021,1023,1026,1029,1032,1035,1038,1041,1044,1047,1050,1053,1056,1059,1061,1064,1066,1069,1072,1075,1078,1081,1085,1089,1093,1096,1102,1108,1114,1122,1130,1138,1148,1157,1167,1176,1186,1195,1205,1215,1224
395148,"Tampa, FL",19,1109,1113,1116,1120,1124,1128,1132,1136,1140,1144,1148,1152,1157,1161,1166,1171,1176,1181,1186,1192,1197,1202,1208,1213,1219,1224,1229,1234,1238,1243,1248,1252,1257,1262,1267,1271,1276,1281,1286,1290,1295,1300,1305,1310,1316,1321,1327,1332,1338,1344,1350,1355,1361,1367,1372,1378,1383,1388,1394,1399,1404,1409,1414,1419,1424,1429,1435,1440,1445,1450,1454,1459,1463,1468,1473,1478,1485,1492,1499,1509,1520,1531,1550,1570,1590,1622,1654,1686,1723,1759,1796,1833,1871,1909,1947,1986,2024
394358,"Baltimore, MD",20,1442,1445,1448,1452,1455,1458,1461,1464,1467,1470,1472,1474,1477,1478,1480,1482,1484,1485,1487,1489,1491,1493,1495,1497,1499,1499,1500,1501,1501,1500,1500,1500,1500,1500,1501,1501,1502,1503,1504,1505,1506,1507,1509,1510,1511,1512,1513,1515,1516,1517,1518,1520,1522,1524,1526,1529,1531,1534,1537,1540,1543,1546,1549,1552,1555,1557,1560,1561,1563,1564,1564,1564,1564,1564,1564,1564,1566,1567,1569,1573,1578,1583,1593,1603,1613,1628,1642,1657,1673,1689,1706,1722,1738,1755,1771,1788,1805
394530,"Denver, CO",21,1189,1203,1218,1233,1247,1262,1276,1291,1305,1320,1333,1347,1361,1371,1382,1392,1401,1410,1419,1427,1434,1442,1448,1455,1461,1467,1472,1477,1481,1485,1489,1492,1496,1499,1503,1507,1511,1516,1520,1525,1529,1534,1539,1543,1548,1553,1557,1562,1566,1571,1576,1580,1586,1591,1596,1602,1607,1613,1618,1623,1629,1633,1638,1643,1647,1652,1656,1659,1662,1665,1666,1667,1667,1667,1666,1665,1665,1665,1664,1666,1668,1671,1680,1689,1699,1716,1734,1751,1772,1792,1813,1834,1855,1876,1898,1919,1941
394982,"Pittsburgh, PA",22,1002,1007,1013,1019,1024,1029,1034,1039,1043,1048,1051,1054,1057,1058,1059,1060,1061,1062,1063,1065,1067,1069,1071,1073,1075,1075,1076,1077,1078,1078,1079,1080,1081,1082,1083,1084,1085,1087,1088,1090,1092,1094,1096,1098,1100,1103,1105,1108,1110,1113,1116,1120,1123,1126,1129,1132,1136,1139,1142,1144,1147,1151,1154,1157,1161,1165,1168,1172,1175,1179,1181,1184,1187,1189,1190,1192,1194,1195,1197,1199,1201,1203,1208,1212,1217,1224,1231,1238,1247,1255,1264,1272,1281,1289,1298,1307,1316
394998,"Portland, OR",23,1138,1148,1157,1166,1176,1185,1195,1204,1213,1223,1233,1243,1253,1263,1274,1285,1295,1306,1316,1327,1337,1347,1357,1366,1376,1383,1391,1398,1404,1410,1416,1421,1427,1432,1437,1441,1446,1450,1454,1458,1462,1465,1469,1472,1475,1478,1481,1484,1487,1491,1495,1498,1503,1507,1511,1516,1520,1525,1529,1534,1538,1543,1547,1552,1557,1561,1566,1570,1574,1578,1580,1582,1585,1586,1587,1588,1590,1591,1592,1596,1599,1602,1611,1620,1628,1643,1658,1673,1690,1707,1724,1741,1758,1776,1793,1811,1829
394458,"Charlotte, NC",24,1057,1061,1064,1068,1072,1076,1080,1083,1087,1091,1096,1100,1104,1109,1114,1119,1124,1129,1134,1139,1144,1150,1155,1160,1165,1169,1174,1179,1184,1188,1193,1198,1202,1207,1212,1217,1222,1226,1231,1236,1240,1245,1249,1253,1258,1262,1266,1270,1275,1279,1284,1288,1293,1298,1303,1309,1315,1321,1327,1332,1338,1344,1349,1355,1360,1366,1371,1375,1379,1383,1386,1388,1391,1393,1395,1397,1400,1403,1406,1412,1418,1425,1437,1449,1462,1482,1501,1521,1544,1567,1590,1613,1636,1659,1683,1707,1731
395045,"Sacramento, CA",25,1274,1280,1285,1290,1296,1301,1306,1312,1317,1323,1330,1336,1343,1350,1358,1366,1374,1382,1390,1399,1408,1416,1426,1435,1445,1454,1464,1473,1483,1493,1502,1513,1523,1533,1544,1554,1565,1575,1586,1596,1607,1617,1627,1636,1645,1654,1663,1671,1680,1687,1695,1703,1711,1718,1726,1734,1742,1750,1758,1765,1773,1780,1787,1794,1800,1807,1814,1819,1825,1831,1836,1841,1846,1853,1860,1867,1877,1887,1897,1910,1923,1936,1954,1972,1990,2012,2034,2056,2078,2100,2122,2144,2166,2188,2210,2232,2254
395055,"San Antonio, TX",26,959,962,965,967,970,973,976,979,982,985,988,991,994,998,1001,1005,1008,1012,1016,1019,1023,1027,1030,1033,1036,1038,1041,1044,1047,1050,1053,1056,1059,1062,1065,1068,1071,1073,1076,1079,1081,1083,1085,1087,1089,1091,1093,1096,1098,1101,1103,1106,1109,1113,1116,1119,1122,1126,1129,1132,1136,1139,1143,1146,1150,1153,1156,1159,1162,1165,1166,1168,1170,1171,1172,1174,1176,1177,1179,1183,1187,1190,1198,1206,1214,1227,1241,1254,1270,1286,1301,1317,1333,1349,1366,1382,1399
394943,"Orlando, FL",27,1125,1129,1133,1137,1141,1146,1150,1154,1158,1162,1167,1171,1175,1180,1185,1189,1195,1200,1205,1211,1216,1222,1227,1232,1238,1243,1248,1253,1258,1263,1268,1273,1278,1283,1288,1293,1298,1303,1308,1313,1319,1325,1331,1338,1345,1352,1359,1367,1374,1381,1388,1396,1402,1409,1416,1421,1427,1433,1438,1444,1449,1454,1459,1464,1468,1473,1477,1481,1485,1489,1491,1493,1495,1496,1498,1499,1500,1502,1504,1509,1513,1518,1531,1543,1556,1580,1605,1629,1659,1689,1718,1749,1780,1810,1842,1874,1906
394466,"Cincinnati, OH",28,936,940,943,947,950,954,957,960,964,967,970,973,976,979,982,985,989,993,996,1000,1004,1007,1010,1013,1017,1019,1022,1025,1028,1031,1033,1037,1040,1043,1047,1050,1054,1057,1061,1064,1067,1071,1074,1077,1080,1083,1086,1090,1093,1097,1101,1105,1110,1114,1119,1124,1128,1133,1138,1144,1149,1154,1159,1164,1169,1174,1179,1183,1188,1193,1197,1201,1205,1209,1213,1217,1222,1226,1231,1237,1243,1248,1256,1264,1272,1281,1291,1301,1311,1322,1332,1343,1354,1364,1375,1385,1396
394475,"Cleveland, OH",29,920,923,926,929,932,934,937,941,944,947,950,954,958,961,965,969,972,975,977,980,983,986,989,993,996,999,1003,1006,1008,1010,1012,1012,1012,1013,1012,1011,1010,1009,1008,1007,1008,1009,1010,1012,1013,1015,1017,1020,1022,1024,1026,1029,1032,1034,1037,1041,1044,1047,1050,1053,1056,1059,1061,1063,1066,1068,1070,1072,1074,1076,1078,1080,1083,1086,1089,1091,1095,1099,1102,1107,1112,1116,1123,1129,1136,1144,1152,1161,1170,1179,1188,1197,1206,1215,1225,1234,1243
394735,"Kansas City, MO",30,885,889,892,896,899,903,906,909,913,916,919,922,925,928,930,933,936,939,942,945,948,951,954,957,960,963,966,969,972,975,978,981,984,987,990,993,996,999,1002,1005,1008,1011,1014,1017,1020,1023,1026,1029,1032,1035,1038,1041,1044,1046,1049,1052,1055,1058,1062,1065,1068,1072,1075,1079,1082,1086,1089,1093,1096,1100,1103,1107,1110,1115,1119,1123,1128,1133,1137,1142,1147,1152,1158,1165,1172,1180,1188,1196,1206,1215,1224,1234,1243,1252,1262,1272,1281
394775,"Las Vegas, NV",31,1011,1014,1016,1018,1020,1023,1025,1028,1030,1033,1035,1038,1041,1045,1048,1052,1055,1059,1063,1067,1071,1075,1079,1083,1088,1092,1096,1100,1104,1108,1112,1117,1121,1125,1130,1134,1139,1144,1149,1155,1160,1166,1171,1177,1184,1190,1196,1203,1209,1216,1223,1230,1237,1244,1251,1258,1265,1272,1279,1286,1293,1300,1306,1313,1319,1324,1330,1335,1339,1344,1346,1349,1352,1357,1361,1365,1372,1379,1386,1397,1408,1420,1440,1460,1480,1509,1537,1566,1597,1627,1658,1690,1721,1752,1784,1816,1848
394492,"Columbus, OH",32,934,936,938,940,942,945,947,949,952,954,957,961,964,968,972,976,979,983,987,991,995,999,1003,1006,1010,1012,1015,1018,1020,1023,1025,1028,1031,1034,1037,1041,1044,1048,1052,1056,1060,1064,1069,1073,1077,1082,1086,1091,1095,1099,1104,1108,1112,1117,1121,1125,1129,1133,1137,1141,1145,1148,1152,1156,1160,1163,1167,1171,1174,1178,1182,1185,1189,1194,1198,1202,1207,1213,1218,1223,1229,1235,1242,1250,1257,1267,1277,1286,1297,1308,1319,1330,1341,1352,1364,1375,1387
394705,"Indianapolis, IN",33,958,960,962,963,965,967,969,971,973,975,977,979,981,983,985,987,990,992,995,998,1001,1004,1007,1010,1013,1015,1018,1021,1023,1024,1026,1028,1030,1032,1035,1037,1039,1041,1044,1046,1050,1053,1056,1060,1064,1067,1071,1074,1078,1081,1084,1088,1091,1094,1097,1101,1105,1109,1113,1117,1121,1126,1130,1134,1139,1143,1147,1151,1155,1158,1163,1167,1171,1176,1181,1187,1193,1200,1206,1214,1222,1230,1240,1250,1260,1273,1286,1299,1312,1325,1338,1352,1365,1379,1392,1406,1420
395059,"San Jose, CA",34,2128,2163,2199,2234,2268,2302,2336,2369,2403,2437,2467,2497,2527,2551,2575,2599,2621,2642,2663,2681,2698,2716,2728,2739,2751,2756,2761,2766,2767,2768,2768,2769,2770,2770,2773,2776,2779,2785,2790,2796,2804,2811,2819,2827,2836,2844,2853,2862,2871,2881,2891,2900,2910,2919,2928,2937,2946,2954,2961,2969,2976,2983,2989,2996,3002,3009,3015,3021,3026,3032,3030,3029,3027,3016,3004,2993,2975,2957,2938,2920,2901,2883,2875,2868,2860,2871,2882,2893,2913,2934,2954,2976,2998,3020,3043,3066,3090
394355,"Austin, TX",35,1186,1191,1197,1203,1209,1214,1220,1226,1231,1237,1242,1248,1253,1258,1263,1268,1273,1278,1283,1287,1292,1297,1301,1305,1309,1312,1315,1318,1320,1323,1325,1327,1329,1331,1333,1335,1337,1339,1340,1342,1343,1345,1346,1347,1348,1350,1352,1354,1356,1360,1364,1368,1373,1378,1384,1389,1395,1401,1406,1412,1417,1422,1427,1432,1437,1442,1446,1450,1454,1458,1459,1460,1461,1460,1459,1457,1455,1454,1452,1454,1457,1459,1471,1484,1497,1522,1547,1573,1602,1631,1660,1690,1720,1749,1780,1810,1841
395194,"Virginia Beach, VA",36,1150,1152,1154,1155,1157,1159,1161,1163,1164,1166,1168,1169,1171,1172,1173,1175,1176,1177,1178,1180,1181,1182,1184,1185,1186,1187,1188,1189,1190,1190,1191,1192,1194,1195,1196,1198,1200,1202,1203,1205,1207,1209,1211,1212,1214,1216,1217,1219,1221,1223,1225,1226,1229,1231,1233,1236,1239,1242,1245,1248,1251,1254,1257,1260,1263,1267,1270,1272,1275,1277,1279,1281,1283,1287,1290,1294,1299,1304,1310,1317,1325,1333,1345,1357,1369,1385,1402,1418,1435,1451,1468,1485,1502,1519,1536,1553,1571
394902,"Nashville, TN",37,1117,1125,1133,1141,1149,1156,1164,1172,1179,1187,1194,1201,1208,1215,1221,1227,1233,1239,1245,1251,1257,1263,1270,1276,1282,1288,1294,1299,1304,1309,1314,1319,1323,1327,1331,1336,1340,1344,1348,1352,1355,1359,1362,1365,1368,1372,1375,1378,1381,1384,1387,1390,1393,1397,1400,1405,1409,1413,1418,1423,1427,1432,1437,1442,1448,1453,1459,1464,1469,1474,1478,1482,1485,1488,1490,1492,1494,1496,1498,1502,1505,1509,1519,1529,1538,1558,1577,1596,1620,1644,1668,1693,1717,1742,1767,1793,1818
395005,"Providence, RI",38,1150,1153,1156,1159,1162,1165,1168,1171,1174,1177,1180,1184,1187,1192,1196,1201,1206,1211,1217,1222,1227,1232,1236,1240,1245,1249,1254,1259,1263,1267,1272,1277,1282,1287,1291,1296,1301,1304,1307,1311,1315,1318,1322,1327,1331,1336,1341,1347,1352,1358,1365,1371,1377,1383,1389,1394,1400,1405,1411,1416,1422,1427,1433,1438,1443,1448,1453,1458,1462,1466,1471,1475,1480,1486,1493,1500,1509,1518,1528,1539,1551,1562,1577,1592,1607,1624,1642,1659,1677,1694,1712,1730,1748,1766,1785,1803,1821
394862,"Milwaukee, WI",39,,958,960,963,965,968,970,973,976,978,980,983,985,987,989,990,992,993,994,996,997,999,1000,1001,1003,1004,1006,1007,1008,1010,1011,1013,1014,1015,1017,1018,1020,1021,1022,1024,1025,1027,1028,1030,1031,1033,1035,1037,1039,1040,1042,1044,1046,1049,1051,1053,1055,1058,1060,1062,1065,1067,1070,1072,1075,1077,1080,1082,1085,1087,1089,1091,1093,1095,1098,1100,1102,1105,1107,1110,1113,1116,1120,1125,1130,1135,1142,1149,1156,1163,1170,1177,1184,1192,1199,1206,1214
394714,"Jacksonville, FL",40,1076,1078,1080,1082,1083,1085,1087,1089,1091,1092,1095,1097,1099,1102,1105,1108,1111,1114,1117,1121,1125,1128,1132,1136,1139,1143,1146,1149,1152,1155,1158,1161,1164,1167,1171,1174,1178,1182,1185,1189,1193,1197,1201,1206,1211,1215,1220,1226,1231,1236,1242,1247,1253,1258,1263,1268,1273,1277,1282,1286,1290,1294,1299,1303,1306,1310,1314,1318,1321,1325,1328,1331,1334,1338,1341,1345,1350,1356,1361,1370,1379,1388,1404,1420,1435,1460,1484,1508,1536,1563,1591,1619,1647,1675,1704,1732,1761
394849,"Memphis, TN",41,990,992,994,996,999,1001,1003,1005,1007,1009,1011,1012,1014,1015,1017,1018,1019,1020,1022,1023,1025,1026,1028,1030,1032,1034,1036,1038,1039,1041,1043,1044,1046,1048,1049,1051,1053,1054,1056,1058,1060,1062,1064,1066,1068,1071,1074,1077,1080,1083,1086,1089,1093,1097,1100,1104,1108,1112,1116,1120,1124,1128,1132,1135,1139,1143,1147,1151,1156,1160,1166,1171,1176,1184,1192,1199,1209,1219,1228,1239,1250,1261,1275,1289,1303,1319,1336,1352,1369,1386,1403,1420,1437,1454,1471,1488,1506
394935,"Oklahoma City, OK",42,963,966,970,973,977,980,984,987,990,994,996,999,1002,1004,1005,1007,1008,1009,1009,1010,1010,1011,1011,1011,1011,1010,1010,1010,1009,1009,1009,1008,1008,1007,1008,1008,1008,1009,1010,1010,1012,1013,1014,1016,1017,1019,1020,1022,1024,1025,1027,1029,1031,1034,1036,1039,1042,1045,1048,1051,1055,1058,1060,1063,1066,1068,1071,1073,1074,1076,1077,1079,1080,1081,1083,1085,1088,1091,1094,1098,1102,1106,1113,1120,1127,1137,1147,1158,1169,1180,1192,1203,1215,1227,1239,1251,1263
394807,"Louisville-Jefferson County, KY",43,840,843,847,850,854,858,861,865,868,872,875,878,881,883,886,888,890,892,894,896,898,900,903,905,908,911,914,917,921,925,928,932,936,940,943,947,951,954,957,960,962,965,967,970,972,974,976,978,980,983,985,987,990,993,995,998,1000,1003,1006,1008,1011,1014,1016,1019,1021,1023,1026,1028,1030,1033,1035,1038,1040,1043,1047,1050,1054,1058,1061,1065,1069,1074,1079,1084,1089,1095,1101,1108,1116,1123,1131,1139,1147,1155,1164,1172,1180
394669,"Hartford, CT",44,1228,1230,1233,1236,1238,1241,1244,1246,1249,1252,1255,1258,1261,1264,1266,1268,1270,1273,1275,1277,1278,1280,1282,1284,1286,1288,1289,1291,1293,1295,1296,1298,1300,1301,1304,1306,1308,1310,1312,1314,1316,1318,1319,1321,1323,1325,1327,1329,1331,1334,1336,1338,1341,1343,1346,1349,1352,1354,1357,1359,1362,1364,1367,1369,1371,1374,1376,1378,1380,1383,1385,1387,1390,1394,1398,1401,1407,1412,1417,1424,1430,1437,1446,1455,1465,1477,1488,1500,1512,1524,1536,1548,1560,1572,1584,1596,1609
395022,"Richmond, VA",45,,1069,1073,1077,1081,1085,1089,1093,1097,1100,1104,1107,1109,1112,1114,1116,1119,1121,1124,1126,1129,1132,1135,1137,1140,1143,1146,1148,1150,1152,1154,1156,1159,1161,1163,1166,1168,1171,1174,1177,1180,1183,1187,1190,1194,1198,1202,1206,1210,1214,1217,1221,1225,1229,1232,1236,1240,1243,1247,1251,1254,1258,1262,1266,1270,1273,1277,1281,1284,1286,1289,1292,1294,1296,1299,1302,1304,1308,1312,1316,1322,1328,1334,1345,1355,1365,1379,1394,1408,1423,1438,1454,1469,1485,1500,1516,1532
394910,"New Orleans, LA",46,1086,1087,1089,1090,1091,1093,1094,1096,1097,1099,1101,1103,1105,1108,1110,1112,1114,1117,1120,1122,1124,1126,1127,1129,1130,1131,1132,1133,1134,1135,1136,1138,1139,1140,1142,1144,1145,1147,1149,1151,1152,1153,1153,1154,1154,1155,1156,1156,1157,1158,1159,1160,1160,1161,1162,1163,1165,1166,1167,1168,1170,1171,1173,1175,1177,1180,1182,1184,1186,1189,1190,1191,1192,1193,1194,1195,1197,1198,1200,1204,1208,1211,1218,1224,1230,1241,1252,1263,1278,1293,1308,1324,1340,1355,1372,1388,1404
394425,"Buffalo, NY",47,777,782,786,790,794,798,803,807,811,815,820,824,828,832,836,839,843,846,850,853,855,858,860,863,865,867,870,872,875,877,880,883,886,889,892,895,898,901,903,906,908,910,913,915,917,919,922,925,927,930,933,936,938,941,944,947,950,953,956,958,961,963,966,968,971,974,976,979,982,985,988,991,994,998,1002,1006,1010,1014,1018,1023,1027,1032,1038,1044,1050,1058,1066,1074,1083,1091,1099,1107,1115,1124,1132,1141,1149
395012,"Raleigh, NC",48,1126,1128,1131,1134,1137,1139,1142,1145,1148,1151,1155,1158,1162,1166,1169,1173,1177,1180,1184,1188,1191,1195,1198,1202,1206,1209,1213,1216,1220,1223,1227,1230,1233,1237,1240,1243,1246,1249,1252,1254,1257,1260,1263,1266,1269,1272,1275,1278,1281,1284,1287,1291,1294,1298,1302,1306,1310,1314,1319,1324,1329,1333,1338,1343,1348,1352,1357,1361,1365,1368,1370,1372,1374,1375,1377,1378,1381,1383,1385,1390,1396,1401,1412,1423,1435,1454,1473,1492,1513,1535,1557,1579,1602,1624,1647,1669,1692
394388,"Birmingham, AL",49,965,967,969,971,973,974,976,978,980,982,984,986,988,990,992,994,996,999,1001,1003,1005,1007,1009,1011,1012,1014,1015,1017,1018,1019,1021,1022,1023,1024,1025,1027,1028,1030,1032,1034,1036,1039,1041,1044,1046,1049,1051,1054,1056,1059,1061,1064,1067,1070,1073,1077,1081,1085,1089,1093,1096,1100,1104,1107,1110,1113,1116,1119,1122,1125,1128,1131,1134,1138,1142,1145,1150,1154,1159,1164,1169,1174,1181,1188,1195,1205,1215,1224,1235,1246,1257,1269,1280,1291,1303,1314,1326
395053,"Salt Lake City, UT",50,,1031,1034,1037,1041,1044,1048,1051,1055,1058,1062,1066,1069,1073,1077,1081,1085,1089,1094,1098,1103,1107,1112,1116,1121,1125,1130,1135,1139,1144,1148,1152,1157,1162,1167,1172,1178,1183,1189,1194,1199,1204,1209,1215,1220,1225,1230,1236,1241,1246,1252,1257,1263,1269,1275,1281,1286,1292,1297,1303,1308,1313,1318,1323,1327,1331,1335,1339,1342,1345,1347,1349,1350,1352,1353,1355,1357,1360,1363,1366,1374,1382,1389,1403,1417,1431,1451,1470,1490,1511,1532,1553,1575,1596,1618,1640,1662
395031,"Rochester, NY",51,,915,919,923,927,931,934,938,942,946,949,952,955,958,961,964,966,969,972,974,977,979,981,983,986,988,989,991,993,994,996,997,999,1002,1004,1006,1008,1011,1013,1016,1018,1021,1024,1027,1030,1033,1036,1039,1041,1044,1047,1049,1052,1054,1056,1058,1060,1062,1064,1066,1069,1071,1072,1074,1076,1078,1080,1082,1084,1086,1088,1090,1092,1094,1098,1101,1105,1110,1115,1121,1129,1137,1145,1156,1166,1177,1188,1199,1209,1219,1229,1239,1249,1259,1269,1278,1288
394640,"Grand Rapids, MI",52,848,854,860,867,873,879,886,892,898,905,910,916,922,928,934,939,946,952,959,966,973,980,987,994,1001,1008,1015,1022,1029,1035,1042,1048,1053,1059,1064,1070,1075,1080,1086,1091,1096,1100,1105,1110,1114,1119,1124,1128,1133,1137,1141,1146,1150,1155,1160,1165,1169,1174,1179,1183,1188,1192,1197,1201,1205,1210,1214,1219,1223,1227,1231,1235,1239,1243,1247,1251,1256,1261,1266,1273,1279,1286,1295,1305,1315,1327,1340,1353,1366,1379,1393,1406,1420,1434,1447,1461,1475
395167,"Tucson, AZ",53,933,934,935,936,937,938,939,940,941,942,944,945,946,948,949,951,953,954,956,958,960,963,965,967,970,972,974,977,980,983,985,989,992,996,1000,1004,1008,1012,1016,1020,1024,1029,1033,1037,1041,1045,1050,1055,1059,1065,1070,1076,1082,1088,1094,1100,1106,1112,1117,1123,1129,1134,1140,1145,1151,1157,1162,1167,1173,1178,1183,1188,1193,1199,1205,1211,1219,1227,1236,1246,1257,1268,1283,1298,1313,1332,1351,1369,1390,1410,1431,1451,1472,1493,1514,1535,1556
753924,"Urban Honolulu, HI",54,1959,1975,1991,2006,2022,2038,2053,2069,2084,2099,2112,2125,2139,2148,2157,2167,2172,2178,2184,2187,2191,2195,2198,2202,2206,2209,2212,2215,2217,2219,2221,2223,2226,2228,2231,2233,2235,2237,2239,2241,2243,2246,2248,2250,2253,2255,2258,2261,2264,2267,2270,2274,2277,2280,2284,2287,2291,2294,2297,2301,2304,2307,2311,2314,2317,2321,2324,2326,2328,2330,2330,2330,2330,2328,2327,2326,2326,2326,2327,2331,2336,2341,2352,2364,2375,2393,2410,2427,2446,2464,2483,2501,2520,2539,2557,2576,2594
395169,"Tulsa, OK",55,911,913,915,916,918,920,922,923,925,927,928,930,932,934,936,937,939,940,942,943,944,945,946,947,947,948,948,949,949,950,950,951,952,952,953,954,954,955,955,955,956,957,957,958,959,960,961,962,964,965,966,968,969,971,972,973,975,976,978,980,982,984,986,989,991,994,997,1000,1003,1006,1009,1012,1015,1018,1021,1025,1029,1033,1037,1043,1049,1055,1063,1072,1081,1092,1104,1115,1128,1141,1153,1166,1179,1192,1205,1218,1231
394619,"Fresno, CA",56,1158,1160,1163,1166,1169,1172,1175,1177,1180,1183,1186,1189,1191,1194,1197,1200,1203,1205,1208,1212,1215,1219,1223,1227,1231,1235,1240,1244,1248,1252,1256,1260,1264,1268,1273,1278,1282,1288,1294,1300,1306,1312,1318,1324,1330,1336,1342,1347,1353,1359,1365,1370,1377,1384,1391,1398,1405,1412,1419,1426,1433,1440,1446,1453,1460,1467,1474,1481,1487,1494,1499,1504,1509,1514,1519,1524,1532,1540,1547,1560,1574,1587,1608,1630,1651,1677,1703,1729,1753,1776,1800,1824,1848,1872,1895,1919,1942
395238,"Worcester, MA",57,1092,1096,1100,1104,1108,1112,1116,1120,1124,1128,1133,1137,1141,1145,1149,1152,1156,1160,1164,1169,1173,1177,1182,1187,1192,1197,1203,1208,1213,1219,1224,1230,1235,1241,1246,1252,1257,1262,1267,1272,1277,1281,1286,1291,1296,1301,1306,1311,1317,1323,1330,1337,1343,1350,1356,1362,1369,1375,1381,1386,1392,1398,1403,1408,1414,1420,1426,1432,1438,1444,1449,1454,1459,1464,1468,1473,1478,1483,1488,1495,1501,1507,1517,1527,1537,1551,1565,1579,1594,1609,1625,1640,1656,1671,1687,1703,1719
394415,"Stamford, CT",58,1849,1860,1871,1882,1892,1903,1913,1923,1933,1943,1950,1957,1963,1967,1971,1975,1979,1982,1986,1989,1992,1995,1998,2000,2003,2005,2008,2010,2012,2014,2017,2020,2023,2026,2029,2033,2036,2040,2043,2046,2049,2052,2056,2059,2061,2064,2068,2072,2076,2080,2085,2089,2094,2099,2104,2109,2113,2118,2123,2127,2132,2136,2141,2146,2151,2155,2160,2164,2168,2173,2178,2182,2187,2193,2199,2205,2214,2223,2231,2243,2255,2267,2284,2301,2318,2338,2358,2377,2396,2415,2434,2453,2473,2492,2511,2530,2549
394312,"Albuquerque, NM",59,919,920,921,922,924,925,926,928,929,931,932,934,936,938,940,942,944,946,948,950,952,954,956,958,960,962,964,967,969,971,973,976,978,980,982,984,986,987,989,990,992,994,996,998,1000,1003,1005,1008,1011,1013,1016,1019,1022,1025,1028,1031,1034,1037,1041,1044,1048,1052,1056,1060,1065,1069,1073,1077,1082,1086,1089,1093,1097,1102,1107,1112,1119,1125,1132,1141,1150,1159,1172,1186,1199,1216,1233,1251,1269,1288,1306,1325,1344,1362,1381,1400,1419
394308,"Albany, NY",60,1025,1029,1034,1039,1043,1048,1052,1056,1060,1064,1068,1071,1074,1075,1076,1078,1078,1079,1080,1081,1083,1084,1086,1089,1091,1094,1097,1100,1104,1107,1111,1114,1117,1121,1123,1125,1128,1129,1131,1132,1133,1134,1134,1136,1138,1139,1142,1144,1146,1149,1152,1154,1157,1160,1163,1165,1167,1168,1170,1172,1174,1177,1179,1182,1184,1187,1190,1193,1196,1200,1203,1206,1209,1212,1214,1217,1220,1224,1227,1230,1233,1236,1243,1249,1255,1265,1274,1283,1293,1302,1312,1322,1332,1342,1352,1362,1373
394938,"Omaha, NE",61,825,829,833,837,841,845,849,853,857,861,865,869,873,876,879,882,884,887,889,891,893,894,896,898,900,903,906,908,911,914,917,919,922,925,927,930,932,935,937,939,941,943,945,947,949,950,952,954,956,958,960,962,964,967,969,972,974,977,980,983,986,989,992,995,998,1001,1004,1008,1011,1015,1019,1023,1027,1031,1034,1038,1042,1045,1049,1053,1057,1061,1066,1071,1077,1084,1092,1099,1107,1116,1124,1132,1141,1149,1158,1167,1175
394908,"New Haven, CT",62,1274,1279,1285,1290,1295,1300,1305,1310,1316,1321,1325,1329,1333,1336,1338,1341,1343,1345,1347,1349,1352,1354,1357,1360,1362,1365,1368,1371,1373,1376,1378,1381,1383,1385,1387,1389,1391,1393,1396,1399,1402,1405,1408,1411,1414,1417,1420,1423,1426,1429,1432,1435,1438,1442,1445,1449,1452,1456,1459,1462,1466,1469,1471,1474,1478,1481,1485,1489,1492,1496,1500,1503,1507,1512,1516,1521,1526,1532,1537,1543,1549,1555,1566,1577,1587,1603,1619,1634,1652,1669,1686,1704,1721,1739,1757,1775,1793
394357,"Bakersfield, CA",63,997,1000,1004,1008,1011,1014,1018,1021,1025,1029,1032,1035,1038,1040,1041,1043,1045,1046,1048,1049,1050,1051,1052,1053,1054,1056,1059,1061,1063,1066,1069,1072,1075,1078,1082,1085,1088,1090,1093,1095,1098,1100,1103,1106,1109,1112,1116,1119,1123,1127,1132,1136,1141,1146,1150,1156,1161,1166,1172,1177,1183,1188,1193,1199,1204,1209,1215,1219,1224,1229,1234,1239,1244,1252,1259,1267,1275,1284,1293,1303,1314,1324,1337,1350,1363,1379,1394,1409,1427,1445,1462,1480,1498,1516,1534,1552,1570
394753,"Knoxville, TN",64,931,933,936,938,941,944,946,949,952,954,957,960,963,964,966,968,969,969,970,971,972,972,975,977,979,983,986,990,993,997,1001,1005,1009,1013,1016,1019,1022,1026,1029,1032,1036,1040,1043,1047,1050,1053,1057,1061,1064,1068,1072,1076,1081,1086,1090,1096,1101,1107,1113,1118,1124,1129,1134,1140,1145,1150,1155,1159,1164,1168,1171,1174,1178,1182,1187,1192,1199,1205,1212,1221,1230,1239,1253,1268,1282,1301,1321,1340,1361,1382,1403,1424,1446,1467,1489,1511,1533
394653,"Greenville, SC",65,974,973,971,970,969,968,968,967,966,965,966,968,969,972,976,979,983,988,992,998,1003,1008,1013,1017,1022,1026,1030,1034,1037,1039,1042,1044,1045,1047,1049,1050,1052,1054,1056,1058,1061,1064,1066,1070,1073,1076,1079,1082,1085,1088,1092,1095,1099,1102,1106,1110,1113,1117,1120,1123,1127,1130,1133,1136,1139,1142,1145,1149,1152,1155,1157,1159,1160,1162,1163,1164,1166,1168,1170,1174,1178,1182,1191,1200,1208,1222,1236,1250,1265,1280,1295,1311,1326,1341,1357,1372,1388
394952,"Ventura, CA",66,1892,1900,1909,1917,1925,1934,1942,1951,1960,1968,1978,1988,1997,2006,2016,2025,2032,2040,2048,2055,2062,2069,2076,2083,2090,2098,2107,2115,2124,2133,2142,2152,2161,2171,2180,2188,2197,2204,2211,2219,2226,2233,2240,2248,2256,2263,2271,2279,2287,2296,2305,2315,2324,2333,2342,2350,2358,2366,2373,2380,2387,2393,2399,2404,2410,2415,2421,2425,2430,2434,2438,2441,2444,2448,2452,2457,2464,2471,2479,2492,2505,2519,2541,2564,2586,2616,2646,2675,2707,2738,2769,2801,2832,2864,2896,2928,2959
394318,"Allentown, PA",67,1161,1163,1165,1167,1169,1171,1173,1175,1177,1179,1181,1183,1185,1187,1189,1190,1193,1195,1197,1200,1203,1206,1208,1211,1214,1217,1220,1222,1225,1228,1230,1233,1236,1238,1241,1244,1247,1251,1254,1257,1260,1263,1266,1269,1272,1275,1278,1281,1284,1287,1291,1294,1298,1301,1305,1309,1313,1317,1322,1326,1330,1334,1339,1343,1347,1351,1355,1358,1362,1365,1368,1371,1373,1378,1382,1387,1395,1402,1410,1421,1432,1444,1460,1476,1492,1511,1530,1549,1570,1590,1610,1631,1651,1672,1692,1713,1734
394561,"El Paso, TX",68,986,986,987,987,988,988,989,989,989,990,990,991,991,991,991,992,992,992,992,993,993,993,994,994,994,994,995,995,996,997,997,998,999,999,1000,1000,1001,1001,1001,1002,1002,1002,1002,1002,1002,1002,1003,1004,1006,1007,1008,1009,1011,1012,1014,1015,1017,1019,1020,1022,1024,1026,1029,1031,1034,1037,1040,1043,1047,1050,1054,1058,1062,1067,1072,1076,1082,1087,1093,1100,1106,1113,1120,1128,1135,1144,1154,1163,1174,1185,1196,1207,1218,1229,1240,1252,1263
394367,"Baton Rouge, LA",69,1062,1063,1064,1065,1066,1068,1069,1071,1072,1074,1076,1079,1081,1083,1085,1087,1088,1090,1092,1094,1096,1097,1099,1101,1103,1106,1109,1113,1117,1122,1126,1130,1134,1138,1140,1142,1144,1144,1144,1145,1144,1143,1142,1141,1140,1139,1139,1139,1139,1139,1140,1141,1141,1141,1141,1141,1141,1141,1141,1141,1141,1141,1141,1141,1141,1141,1140,1140,1139,1139,1139,1139,1138,1139,1140,1141,1143,1146,1148,1151,1155,1159,1164,1169,1174,1182,1190,1197,1207,1216,1226,1236,1245,1255,1265,1275,1285
394521,"Dayton, OH",70,816,818,820,822,824,825,827,829,831,833,835,837,839,841,842,844,846,848,850,853,856,859,862,865,868,871,873,876,878,880,883,884,886,888,890,892,894,897,900,902,905,909,912,915,918,921,924,927,930,933,936,938,941,943,946,949,952,954,957,960,963,967,971,974,979,983,987,991,995,999,1002,1006,1010,1013,1017,1021,1025,1029,1034,1039,1044,1050,1057,1064,1071,1081,1091,1100,1111,1121,1131,1142,1152,1163,1174,1184,1195
394843,"McAllen, TX",71,788,790,,795,797,799,801,803,805,807,809,811,813,814,815,816,818,819,820,822,823,824,825,826,827,828,829,830,831,832,833,834,835,836,837,837,838,839,840,841,842,843,845,846,847,848,849,850,851,852,852,853,854,854,855,856,856,857,858,860,861,863,864,866,868,869,870,872,873,874,876,878,880,882,884,886,889,891,894,898,902,906,912,917,923,930,938,945,953,961,969,977,985,993,1001,1009,1016
394486,"Columbia, SC",72,,957,959,961,962,964,966,967,969,971,973,975,976,978,980,981,983,985,987,988,991,993,995,997,999,1001,1003,1005,1007,1010,1012,1014,1017,1019,1021,1024,1026,1028,1031,1033,1035,1037,1039,1042,1044,1047,1049,1052,1055,1058,1062,1065,1068,1072,1075,1079,1083,1087,1091,1095,1099,1103,1107,1111,1114,1118,1121,1124,1127,1130,1134,1137,1140,1144,1148,1153,1158,1164,1170,1176,1183,1191,1199,1210,1221,1233,1248,1263,1278,1293,1309,1324,1340,1356,1371,1387,1403
394648,"Greensboro, NC",73,946,946,947,948,949,950,951,952,953,954,956,958,960,962,964,966,967,969,970,971,973,974,975,976,977,979,981,982,986,989,992,996,1000,1004,1007,1011,1014,1017,1020,1024,1026,1028,1031,1033,1035,1038,1040,1043,1045,1048,1051,1054,1058,1061,1065,1069,1073,1077,1081,1086,1091,1095,1100,1105,1110,1114,1119,1123,1127,1132,1136,1140,1144,1149,1154,1159,1165,1171,1177,1186,1194,1203,1214,1225,1236,1251,1266,1281,1298,1315,1332,1349,1366,1383,1400,1418,1435
394304,"Akron, OH",74,785,788,791,794,798,801,804,807,811,814,817,821,824,827,830,832,835,837,839,841,843,845,846,847,849,850,852,853,854,856,857,858,860,861,863,864,866,867,868,869,870,871,872,874,875,877,878,880,881,883,884,886,887,889,891,893,895,897,899,901,903,905,907,910,913,916,919,922,924,927,930,933,937,940,943,946,949,952,955,960,965,970,978,985,992,1001,1009,1018,1026,1034,1042,1050,1058,1066,1073,1081,1089
753906,"North Port-Sarasota-Bradenton, FL",75,1206,1214,1223,1232,1240,1249,1258,1266,1275,1284,1292,1299,1307,1315,1322,1330,1337,1344,1351,1357,1363,1370,1375,1380,1385,1389,1393,1397,1400,1403,1407,1410,1414,1418,1422,1425,1429,1433,1437,1441,1445,1448,1452,1455,1459,1462,1467,1471,1475,1480,1485,1489,1494,1499,1504,1508,1513,1518,1522,1527,1531,1536,1541,1546,1551,1555,1560,1564,1568,1572,1575,1578,1581,1585,1589,1593,1600,1606,1612,1623,1634,1644,1667,1689,1711,1749,1786,1824,1870,1916,1962,2010,2058,2105,2155,2204,2254
394798,"Little Rock, AR",76,790,792,793,794,795,796,797,799,800,801,802,804,805,806,807,808,809,810,811,811,812,813,814,814,815,815,816,816,817,818,819,820,821,822,823,824,826,827,828,829,830,831,832,833,833,834,835,835,836,837,838,839,840,841,842,844,845,847,849,851,853,855,857,858,860,862,864,865,867,869,871,873,875,879,882,885,890,894,898,903,908,913,920,927,934,943,952,961,970,979,988,998,1007,1017,1026,1036,1045
395134,"Stockton, CA",77,1381,1388,1394,1401,1407,1414,1421,1427,1434,1440,1448,1456,1464,1474,1483,1492,1502,1511,1521,1531,1542,1553,1564,1574,1585,1595,1606,1616,1627,1638,1649,1660,1672,1683,1695,1707,1719,1731,1744,1756,1767,1778,1790,1800,1810,1820,1829,1838,1848,1857,1866,1875,1884,1893,1903,1912,1920,1929,1938,1947,1955,1963,1972,1980,1989,1998,2007,2017,2028,2038,2047,2056,2066,2076,2086,2097,2111,2124,2138,2157,2176,2195,2223,2250,2278,2308,2337,2367,2392,2418,2444,2470,2495,2521,2546,2571,2595
394457,"Charleston, SC",78,1134,1140,1145,1150,1156,1161,1166,1172,1177,1182,1188,1193,1198,1203,1207,1212,1216,1220,1223,1227,1231,1235,1239,1244,1249,1254,1259,1265,1271,1276,1282,1287,1292,1297,1301,1306,1310,1315,1320,1324,1329,1333,1338,1342,1346,1351,1354,1358,1362,1366,1370,1374,1378,1382,1386,1390,1394,1398,1402,1406,1410,1413,1417,1421,1425,1429,1433,1437,1441,1444,1447,1449,1451,1453,1455,1457,1459,1461,1463,1468,1472,1477,1489,1500,1512,1533,1553,1574,1598,1621,1645,1669,1693,1717,1742,1767,1792
395143,"Syracuse, NY",79,939,943,946,950,954,957,961,964,968,971,975,978,981,983,985,988,991,995,998,1003,1007,1011,1014,1017,1020,1022,1024,1026,1028,1031,1033,1035,1037,1038,1040,1042,1044,1047,1050,1053,1056,1060,1063,1067,1070,1074,1076,1079,1081,1083,1084,1085,1085,1085,1085,1085,1085,1085,1087,1089,1090,1093,1096,1099,1103,1106,1110,1114,1118,1122,1126,1131,1135,1138,1142,1146,1150,1154,1159,1164,1170,1175,1184,1193,1201,1215,1228,1241,1255,1270,1284,1298,,1327,1341,1356,1370
394484,"Colorado Springs, CO",80,1026,1030,1035,1039,1044,1048,1052,1057,1061,1065,1070,1074,1078,1083,1088,1092,1097,1102,1107,1112,1118,1123,1129,1136,1142,1148,1155,1162,1168,1175,1182,1189,1196,1202,1209,1215,1222,1228,1234,1240,1246,1252,1259,1265,1272,1279,1285,1291,1297,1303,1308,1314,1319,1324,1330,1335,1340,1346,1351,1357,1363,1369,1376,1382,1388,1395,1402,1408,1413,1419,1424,1429,1434,1440,1445,1451,1458,1464,1471,1481,1490,1500,1515,1529,1544,1563,1581,1600,1618,1637,1655,1674,1693,1712,1730,1749,1768
395235,"Winston-Salem, NC",81,1075,1075,1074,1074,1073,1073,1073,1073,1073,1072,1074,1076,1077,1080,1083,1086,1089,1092,1094,1097,1100,1103,1106,1108,1111,1114,1116,1118,1121,1123,1125,1128,1131,1133,1136,1139,1142,1145,1149,1152,1156,1160,1164,1168,1172,1176,1179,1183,1187,1191,1195,1199,1203,1208,1212,1217,1222,1227,1232,1238,1243,1249,1254,1259,1264,1269,1274,1279,1284,1288,1292,1297,1301,1307,1312,1318,1325,1332,1340,1349,1358,1368,1382,1396,1410,1427,1444,1462,1480,1498,1516,1534,1552,1571,1589,1608,1626
395224,"Wichita, KS",82,,732,736,740,743,747,750,754,757,760,763,764,765,766,766,765,765,765,764,764,765,766,767,768,769,770,771,771,772,772,772,773,773,773,773,773,773,774,774,775,776,776,777,778,779,779,780,781,782,783,784,785,786,787,788,789,790,790,791,793,794,795,796,798,799,801,803,804,806,808,810,812,814,816,819,821,824,826,829,831,835,838,842,846,851,855,861,867,872,879,885,891,897,903,909,915,922
395115,"Springfield, MA",83,1205,1208,1211,1214,1217,1220,1223,1226,1229,1232,1235,1238,1241,1243,1246,1248,1251,1254,1257,1260,1264,1267,1271,1275,1279,1283,1287,1291,1294,1298,1301,1303,1305,1307,1309,1311,1313,1315,1318,1320,1323,1327,1330,1334,1337,1341,1345,1349,1353,1358,1362,1367,1371,1375,1380,1384,1387,1391,1395,1399,1402,1405,1408,1410,1414,1417,1420,1424,1428,1432,1436,1439,1442,1445,1448,1452,1456,1460,1464,1470,1477,1483,1491,1499,1507,1516,1524,1533,1543,1553,1563,1573,1582,1592,1602,1612,1621
394440,"Fort Myers, FL",84,949,958,966,974,982,991,999,1008,1017,1025,1035,1045,1055,1065,1076,1087,1097,1107,1118,1127,1137,1147,1155,1162,1170,1176,1183,1189,1194,1199,1204,1209,1213,1218,1222,1226,1230,1233,1237,1240,1244,1247,1251,1255,1259,1262,1267,1271,1275,1279,1284,1288,1292,1296,1301,1304,1308,1312,1316,1320,1324,1328,1332,1336,1339,1343,1347,1350,1354,1358,1362,1365,1369,1373,1378,1382,1388,1393,1399,1407,1414,1422,1438,1454,1470,1499,1529,1558,1595,1632,1669,1707,1746,1784,1824,1863,1903
394399,"Boise City, ID",85,944,948,952,956,960,964,968,972,975,979,984,988,992,996,1000,1005,1010,1015,1020,1025,1031,1036,1042,1048,1054,1060,1066,1072,1078,1084,1089,1095,1101,1107,1114,1120,1126,1133,1139,1146,1153,1160,1167,1174,1181,1187,1194,1202,1209,1216,1224,1232,1240,1249,1257,1266,1274,1283,1292,1301,1309,1317,1325,1332,1339,1346,1353,1360,1366,1372,1378,1383,1388,1395,1402,1409,1420,1432,1443,1460,1478,1495,1520,1545,1571,1598,1626,1654,1678,1703,1727,1752,1776,1801,1824,1848,1872
395160,"Toledo, OH",86,830,831,832,832,833,835,836,837,838,839,841,844,846,847,849,851,852,854,855,856,857,858,859,860,861,864,867,870,872,874,877,879,880,882,883,884,886,887,888,889,891,893,895,897,900,902,904,907,909,910,912,913,914,915,916,917,918,919,921,922,923,925,927,929,930,931,932,934,935,936,938,940,942,945,948,950,954,958,962,967,973,979,988,996,1005,1015,1026,1037,1047,1058,1068,1079,1089,1100,1111,1121,1131
394816,"Madison, WI",87,1042,1044,1046,1048,1050,1051,1053,1055,1057,1059,1062,1066,1069,1072,1076,1079,1083,1087,1090,1094,1098,1101,1105,1108,1111,1114,1117,1119,1122,1124,1126,1128,1130,1132,1134,1136,1138,1140,1142,1144,1145,1147,1149,1151,1153,1155,1157,1159,1161,1163,1165,1168,1171,1173,1176,1179,1182,1186,1189,1192,1195,1197,1200,1202,1205,1207,1210,1213,1216,1219,1221,1224,1226,1229,1232,1235,1237,1240,1243,1246,1250,1253,1257,1261,1266,1271,1277,1282,1288,1294,1300,1306,1312,1318,1324,1330,1336
394766,"Lakeland, FL",88,1034,1037,1040,1043,1046,1049,1052,1055,1058,1061,1065,1068,1072,1075,1078,1081,1084,1088,1092,1095,1099,1103,1107,1112,1116,1121,1126,1131,1136,1142,1147,1152,1157,1162,1167,1172,1177,1181,1185,1190,1194,1199,1203,1209,1214,1220,1226,1233,1240,1247,1254,1261,1269,1276,1283,1290,1298,1305,1311,1317,1323,1329,1334,1340,1345,1350,1355,1360,1365,1370,1375,1379,1384,1389,1395,1400,1407,1413,1420,1428,1437,1446,1460,1475,1489,1511,1533,1555,1580,1606,1631,1657,1682,1708,1734,1761,1787
394931,"Ogden, UT",89,954,957,960,963,966,970,973,976,979,982,985,988,991,995,999,1003,1007,1011,1016,1019,1023,1027,1031,1034,1038,1043,1048,1052,1058,1063,1068,1074,1080,1086,1092,1098,1104,1109,1114,1119,1124,1128,1133,1138,1144,1149,1155,1161,1167,1173,1179,1185,1192,1199,1205,1212,1218,1225,1231,1237,1243,1249,1254,1260,1265,1270,1276,1281,1286,1291,1296,1300,1305,1309,1314,1319,1325,1331,1337,1346,1355,1364,1378,1392,1407,1426,1444,1463,1483,1503,1523,1544,1564,1584,1605,1625,1645
394528,"Daytona Beach, FL",90,978,983,988,993,998,1003,1008,1013,1018,1024,1029,1035,1041,1047,1053,1060,1066,1072,1077,1083,1088,1094,1100,1106,1112,1118,1124,1130,1137,1143,1149,1155,1160,1166,1171,1176,1181,1186,1191,1195,1200,1206,1211,1217,1223,1230,1237,1243,1250,1257,1263,1269,1276,1282,1289,1295,1301,1308,1313,1319,1324,1329,1335,1340,1345,1350,1355,1359,1364,1369,1373,1377,1381,1386,1391,1396,1402,1409,1415,1425,1434,1443,1457,1471,1485,1505,1524,1543,1566,1588,1610,1633,1656,1679,1702,1725,1748
394531,"Des Moines, IA",91,991,996,1000,1004,1009,1013,1017,1021,1025,1029,1032,1035,1038,1039,1039,1040,1039,1037,1036,1035,1033,1032,1032,1032,1032,1033,1035,1036,1038,1041,1043,1046,1048,1051,1053,1055,1057,1059,1061,1062,1063,1063,1064,1064,1065,1065,1066,1067,1068,1069,1071,1072,1074,1076,1078,1079,1080,1082,1083,1084,1085,1087,1089,1090,1093,1095,1097,1099,1101,1103,1105,1106,1108,1109,1111,1112,1114,1116,1118,1121,1124,1126,1130,1134,1138,1143,1148,1152,1158,1163,1169,1175,1180,1186,1192,1197,1203
394711,"Jackson, MS",92,1092,1094,1096,1098,1100,1102,1103,1105,1107,1109,1110,1112,1113,1114,1115,1116,1118,1120,1123,1126,1129,1132,1135,1138,1141,1144,1146,1148,1149,1150,1151,1151,1151,1151,1152,1153,1153,1155,1156,1157,1158,1160,1161,1162,1164,1165,1166,1167,1167,1168,1169,1170,1172,1173,1175,1176,1178,1179,1181,1182,1184,1185,1186,1188,1190,1191,1193,1195,1198,1201,1203,1206,1209,1212,1215,1219,1222,1225,1227,1231,1234,1238,1245,1252,1259,1268,1277,1285,1294,1303,1311,1320,1329,1338,1347,1355,1364
395245,"Youngstown, OH",93,615,616,617,618,619,620,621,622,623,624,625,625,626,626,627,627,628,628,629,629,630,630,631,632,633,635,636,638,639,640,641,643,644,646,648,650,651,653,654,656,657,658,659,660,661,662,663,664,665,667,669,671,674,676,679,681,683,685,687,688,689,690,691,691,692,693,694,696,698,700,703,706,708,711,715,718,721,725,729,733,738,742,749,755,761,770,778,787,796,806,815,825,834,844,854,863,873
394352,"Augusta, GA",94,920,920,919,918,918,917,917,916,916,915,916,917,918,920,922,924,926,928,930,931,933,935,937,939,941,942,944,946,947,949,950,952,954,955,957,958,960,962,964,966,969,971,974,976,979,982,985,987,990,992,995,997,999,1002,1004,1007,1010,1013,1017,1020,1024,1028,1032,1036,1039,1043,1047,1050,1054,1057,1061,1064,1068,1074,1079,1084,1091,1098,1105,1113,1121,1129,1139,1149,1159,1171,1183,1195,1207,1219,1232,1244,1257,1269,1282,1295,1307
395075,"Scranton, PA",95,834,835,837,838,839,841,842,843,845,846,846,846,847,847,847,847,848,848,849,850,852,853,855,857,859,861,862,864,866,868,870,872,875,877,879,880,882,883,885,886,887,888,889,890,890,891,892,893,894,896,898,900,902,904,906,908,910,913,915,918,921,924,927,931,934,937,941,944,947,950,953,955,958,961,964,967,971,976,980,987,993,1000,1009,1018,1028,1039,1050,1062,1073,1084,1095,1106,1117,1128,1139,1150,1161
394666,"Harrisburg, PA",96,983,981,979,976,974,972,971,969,967,966,967,967,968,970,973,975,977,979,981,982,983,984,986,988,990,992,995,997,999,1001,1004,1005,1007,1009,1010,1011,1012,1013,1014,1015,1016,1017,1018,1020,1021,1022,1024,1026,1028,1031,1034,1036,1040,1045,1049,1053,1058,1062,1066,1071,1075,1078,1082,1085,1088,1091,1093,1095,1097,1099,1100,1102,1103,1105,1106,1108,1111,1113,1116,1121,1127,1132,1141,1150,1159,1171,1183,1195,1208,1220,1233,1246,1259,,1285,1298,1312
394957,"Melbourne, FL",97,945,950,955,960,964,969,974,979,984,989,995,1001,1006,1013,1020,1027,1034,1041,1049,1056,1063,1070,1077,1084,1090,1097,1104,1111,1117,1124,1131,1138,1145,1152,1159,1166,1173,1180,1187,1193,1200,1206,1213,1220,1226,1233,1241,1248,1256,1263,1270,1277,1284,1290,1297,1303,1309,1315,1320,1325,1329,1334,1338,1342,1347,1352,1356,1362,1367,1372,1377,1382,1387,1393,1398,1403,1410,1416,1422,1431,1439,1448,1463,1479,1494,1518,1542,1566,1593,1621,1648,1676,1705,1733,1761,1790,1819
395113,"Spokane, WA",99,946,942,938,934,931,928,925,922,919,916,916,916,917,921,925,929,934,940,946,952,957,963,967,972,976,980,984,988,991,994,997,1000,1002,1005,1008,1012,1015,1020,1024,1028,1033,1037,1042,1047,1052,1057,1062,1068,1073,1078,1083,1088,1094,1099,1104,1109,1115,1120,1125,1131,1136,1141,1147,1152,1156,1161,1166,1171,1176,1180,1185,1189,1193,1199,1204,1210,1218,1227,1235,1247,1259,1271,1290,1309,1328,1349,1371,1393,1412,1431,1451,1471,1490,1510,1529,1548,1567
395006,"Provo, UT",100,998,1002,1006,1011,1015,1019,1024,1028,1033,1037,1041,1045,1049,1053,1057,1061,1065,1070,1074,1079,1083,1088,1093,1098,1103,1109,1115,1120,1125,1130,1134,1139,1144,1148,1153,1158,1162,1166,1170,1174,1179,1183,1187,1192,1197,1202,1207,1212,1217,1222,1227,1233,1238,1243,1248,1253,1257,1262,1266,1271,1275,1280,1284,1288,1292,1295,1299,1301,1304,1307,1310,1313,1316,1319,1322,1326,1332,1339,1345,1355,1365,1375,1389,1403,1417,1436,1454,1473,1493,1513,1534,1554,1574,1594,1615,1635,1656
394746,"Killeen, TX",128,867,868,870,871,873,875,876,878,879,881,882,883,884,885,885,886,886,887,887,888,888,889,890,890,891,892,892,893,894,895,896,897,898,899,900,901,902,903,904,905,907,908,909,911,912,914,915,917,919,921,922,924,927,929,931,934,937,941,945,949,953,957,961,965,968,972,976,979,982,985,988,991,995,1000,1005,1011,1018,1026,1033,1043,1053,1062,1076,1090,1104,1123,1141,1160,1180,1200,1221,1241,1262,1283,1304,1325,1346
394483,"College Station, TX",192,1194,1199,1205,1211,1217,1223,1229,1235,1240,1246,1253,1259,1266,1271,1277,1283,1289,1296,1303,1309,1315,1321,1325,1329,1332,1335,1337,1340,1343,1346,1349,1352,1356,1359,1362,1364,1366,1368,1369,1370,1370,1371,1371,1370,1370,1369,1369,1369,1369,1370,1370,1371,1373,1374,1375,1376,1378,1379,1381,1383,1385,1389,1393,1397,1400,1404,1408,1411,1413,1416,1418,1420,1422,1424,1426,1428,1431,1435,1439,1443,1447,1451,1455,1460,1464,1471,1478,1484,1492,1500,1508,1516,1524,1532,1541,1550,1558
